빡주년,r_-8QGBWC_DJqJLl-Ybl4PJhGD7Cd92GxXmslCkkRYzT,4501674773,DIAMOND
잭붕이,swQzcwWkPVztc3Sk7hL2hQ0RYaT-jQBFM4AdLuOVNhtHHOA,4536907182,DIAMOND
찬세이,akbgx9LFaL2dV-f4ec9N71WfHya9o4WG4Qk9bZjZnrk,4548534993,DIAMOND
Lucir LunA,E3srbEUDymHG7tYVbdrFZ2OU9kkmjkTigVCrhV5CHSw45LM,4506583250,DIAMOND
탑가는 제이스,ALbKKzZFn3Up7EyttY7HZts4G6ozSEW6c7wHqT62AckRKMc,4547985499,DIAMOND
희도법률사무소,nz_J6iiTMwAQ3M4YOAlxCYjTk-s8DJjF1ye5iriUOXiH,4554637438,DIAMOND
김영태fan,Q0vPTJqBJKJsCIHvL-27niddiGVaeEZNTpVe1LWms3dk9yg,4545156150,DIAMOND
짝사랑녀민서,Sif8S5O9hoBiUZwGRfrkv7LZ_5HlrMTX04U1yZ_qmFbChjI,4518193051,DIAMOND
공룡박사 푼봉이,_oGAyAZ5QJ8zYBeh28XRGM19r2pYPMlYujpgjMVKeJ2e,4438700524,DIAMOND
MentalPlay GJ,vJ0CqnvlSAw_gputT6z718eAFKrpkykFlx8tsBbl_Gdt7dw,4552058216,DIAMOND
랭겜여포김주찬,bJiD_VGNxWJdgvzXvmhU8I7_Jl8_1Mhsbelb_PL_L5oVWwY,4552028860,DIAMOND
오리 궁뎅이맨,jhS0LAu89yoLUYJGA6MJR_S9oLtrskLHUQhLzbwFNQaMF-I,4511711125,DIAMOND
절대안진단마인드,py-Dv59Cs2wUdlO6B87R686AMuQz86INouIxC27VVu7bqss,4548555476,DIAMOND
MIDIDIDIDIDIDID,RgZ2aJLIzToEVhw9MjHyzxPIJZD6Ge1P2uiyo8C9K45rCwQ,4544740666,DIAMOND
뚱용이,KFAnhsOCLBboHMq8gDnY-0Cv4avxwhxaEc5SdGw8Tzs9,4535598966,DIAMOND
곰주아니,wHsHeryYm4k7vdoqh30LBpfPCCUv8XL28HSpJV9EkIIQ,4554034672,DIAMOND
해일이,tp81HUSOfi92PqPAOSAA8Ge1AlYhJeDKrss8GPBkxSSKv8U,4552469640,DIAMOND
달콤유린,GKklG14SrCyPWJf31lGb8Z8Ne8hLSXwayp64X0g_1BDgdXg,4512618824,DIAMOND
집중 노력 겸손,OOb387g4FuAI3cP6KPxsz8CvWetAri-1jGhv-kUxeTwposA,4531195151,DIAMOND
sadghk,4ep4mpO3eN5V9jhIG3tUvH1OQo24AN-SgeyG7TGAJX6px3w,4519761601,DIAMOND
팔과 등 광배,pS3xjiHoy5q8ex2D2Gp3pJAuZPcOIj7VWmQanGMC-Bc9poI,4541768625,DIAMOND
홈런의힘,HNbv1PKtdMpeKoxnm2FJITdhQG-vby1B7iHzAokMXlDqzds,4547782887,DIAMOND
출퇴근용사노라뎃,dydDk-PIKE12QbgVFwa8jl2A5vgEunA7Lf9Rms4pnsBkbF8,4554550623,DIAMOND
귀여운 시츄,NeGmQJU5hGRl6-a_-EGSakpCqho-8H0ekhZBfLE3Q5c6,4518657168,DIAMOND
T1 Gumahongsi,bJ6-bk_nsUQn2B4xqYYXzYzjnsUfZdwjufqVCVwu3AEyNSo,4552889482,DIAMOND
iF Savior,my17sniIjzI2ozHUQcBDPQxpuyOatSOzLUXNAYTx8kpz,4520871690,DIAMOND
이제곧봄이오겠군,C9BQItsbSjRDQSfCNc9Mj9V4VevtsKlcJ-phuMmvxk9usfQ,4554044099,DIAMOND
으어으응으엉,yplfCX3mseL16N_K8bb4XeQ5Tr406adMF3fUdys07uVtxYE,4549433707,DIAMOND
BUSKlNG,fw0UWJcRrTaOK3GIuOuXl54gq1SFB-Q4PeQmRuDLdiHcyck,4536737549,DIAMOND
그랩류 하면 박음,yE0XkiySLQ82ffa0Dkrc-jADyACPRXdJBAZDh8VyFP1vdD8,4498969207,DIAMOND
아리원챔수고요,87zdm2H5HavNGnpkD_progRY38RjljBGTvI2yVdNKjrn,4544250804,DIAMOND
책임지기,3A90ddZ1pbYjPF38t6CGzk5D8GpJE58eZs9jjMmnf3sn9go,4432445163,DIAMOND
토리화초,P2TjZ62FqZmM8lUKgnwgOsEwhUTKBUVASEnCcASWNWZsyVI,4548504716,DIAMOND
구다5딱,1_6R2zzM1eFyxRfP8VrfD1R007ClQw1uquBDl-mTSsDm6XU,4485336812,DIAMOND
명품 hand,UTA67-nJHSRWr3S-OXRt6J0X-_8C3bRUoE8_BKpSkNvgXrI,4531196609,DIAMOND
그냥놀고먹고싶다,TWBb8VR6J-npcBfXpwnT81tlwC2j0UVg8_jKuAGJiHtm,4552719318,DIAMOND
정구수,B1vos8QdX7sHHmRrh0s3Oatjc2eZMAas06ope8d3Gzf1,4552221934,DIAMOND
힘센전사현균이,pzF3O2FL7SJ5oBe4sluKLdOQ-E73om1o5BHitsT4HXkT,4496959094,DIAMOND
R X N ,MvDcyPfRR-1F9ZK3BMvj_e3Chj5FZbkha5YX7-szJEpb,4446509580,DIAMOND
Alpah테크닉,BRS4wppPYWWzyxVmKx-d-P_KWIes2yAeJ5VfyqMIXF39q9Q,4531902632,DIAMOND
민수도잘될꺼야,8KrIi01LfDEJRIJbAk-5Uwcqwd_FZ5MGs4-He9Zpx7acEyg,4547885718,DIAMOND
타워만미는사람,Fno-xHY_J0tdyoRAIH3H0ch6T7iSiq4HChUD6zp4WHOCP4M,4554506059,DIAMOND
서폿한테그러지마,8E9b6bGl6WsfG299V7cOBe7yG4mtGUdJBKGy1ZJWeOoLoJc,4549647858,DIAMOND
폭군헬리오스,7f7zz-4J8dgkWsX7c6OciFWTKA698OQ7oFDvKbqpltwC0MQ,4548760407,DIAMOND
류호기주인,o-Ej8f66-_gxOxSOL-ciM4Kmifr3_ePfsvhsbDV_MmzO,4535852680,DIAMOND
그림쟈군도 포로,obrekJQ6pog7TzSU9XDIylogOYy2u3M8EPMJ1rvfkTjMPVk,4514623609,DIAMOND
귤스터,WJac4CZ9bAY7M71PoZvdOQmpXhhPtJ_QDW3jydS66VPuF0A,4550075767,DIAMOND
any excuse,ZArWCSILEONmMNgjr1J8ik2MQ6uxoj3mUTs5tCpQeECCYws,4532523342,DIAMOND
펭 무,qDQFyXAqpP3GBGvmeZMZa0AolE5NzYEX9khozYeT5WeSEkE,4540207131,DIAMOND
llIIllllIIlI,yoRZAcwRQkQyQ75QziFCrl-fdXyaFC9K-xsyNAN5_WlfBbY,4545875161,DIAMOND
기가 막히는 자,RE2z_nUWUZbaKgsed9QY2UhngEBuv0jtxAMjIokgjZ2z,4553946333,DIAMOND
Mecale,1IlPLawslOjdlgFKaxADMXHQXaRyYLVQVZ5LCBmTXEDW,4547466081,DIAMOND
너프먹은자,xQkztV-9yYEF1qQGu0NxPs5UQWF6uyWSXt14_CcTHGi7Rv0,4506555637,DIAMOND
포메 키우고싶네,bgVT43pSyZd0_0hMVHt10cNZ9yV1FA3PeNwAmYRZOykvTbA,4546059646,DIAMOND
혜지니까캐리해줘,hARFc7b6uiskbpu21I6qjQzngzk1KgbxEEB2r3IGAE_BTUo,4544690048,DIAMOND
집사가되라냥,Bfriv_5avNH2qva7QMpeZ7noYZjk3N9pkM8NsLOC-BkMQNI,4554596693,DIAMOND
크왕궁예,S_yHsKtmbjWHg0Neidk4ZgNlcQUjSGo604wDcFCEESfM1G8,4552167101,DIAMOND
SIBASONG,wQMC9KEQsb6fEba95ahZLZWZ9zPvWp4ay56vxwNOb4zV,4494731899,DIAMOND
정글은미드따까리,IhurvFf5xTUvgtiCTo4FL36-bjI4_gBlq-TqxuBOSrsG32s,4544861155,DIAMOND
상남자오태석,ngIrDB69GD8Mm1ZyhbtATEzOJPFIBd2Jo1N8ZuvU_7nee6E,4540643591,DIAMOND
바라빙발빙바라부,9vyzjCCBH9IAJPBEI5ZX5q_XyF9KaM6c9nec18L8ZQ3m,4543305339,DIAMOND
우람한 왕쟈,gK2kFhg0JDAFPo2L0r55Gd04OX1qIstBl_2T5dEHlMZp,4527790012,DIAMOND
죄수번호 703,8vbCQe1YJNpKoHuM86fSBNpY4ZFG_BF-M_oQ_O15iMgBb0M,4540544236,DIAMOND
배정대,uK8ZuyIsSqLM5H1Zizrm0iMC5wMhkVhCkzF3MbO7J-RZark,4539227224,DIAMOND
연하야,xRsFVHhIsZzHAJt-ibHuYxVKFqEH7rdaGA0IPq8e9lbWuMc,4450428327,DIAMOND
꿈꾸던 세상,ctUVks5pmLqI82v_WPXRzOkr0p2q5D_VXuNZgT97W-3OD1s,4505761751,DIAMOND
5픽정글이욘,RYx5Mh8nVsrBnSuO6k_KIZcFRagIZ51okmZRwMln0R9rKEk,4554552947,DIAMOND
도구촌 그랩싸개,1SBREgnySmRpttn2CClzduWz75_TzjdcU9Pb4CtqQgTw-nY,4545033241,DIAMOND
개 패,RXIZWdXlbtbifiYgEXO0Gw98bEz73FFHAktRX2mOyM-Vxqs,4550479377,DIAMOND
제드못함,K6JvQB2JAdzC5hd1NbuaM0XnxvAcR2tXEQfDW-y6oQFBAoE,4526925237,DIAMOND
703번버스기사,XF8093Y7QNTS0VWjfVXzhoxqkAVjCsTyQe_k2u6KZOC0M28,4532126545,DIAMOND
이 꽃은 행복이야,3LnWD4uA-G020z_q697DOR9O5MCW2bdoZlZuJNzMiKTh,4472119137,DIAMOND
딸 람,ejlbFB8WQyAuF5lR6Q5gfhZ3CFqPhvhlcxNwnCVa6zlJPdo,4553960243,DIAMOND
진숴비,QVvwdWi_x5bOUoMosCIBFn8IHoGPd-9066goNgOLCEJw,4467583743,DIAMOND
Holylylylylylyly,wk05gUox6JRaFZdafq8Fx6XzGOV3reggjS4lEubxsoc3yow,4552168458,DIAMOND
Kayn of league,k_50jJ88A0Sb5zbQigkWlRtpddyeU8IFLWdwKoqBvGe6MoE,4547933334,DIAMOND
우리팀다병sin들,xn3vWXKGBJpJfV3i5A804od0WjpSKJHoOplLhvDwNHyItaY,4550670044,DIAMOND
강등고속버스,Grk2ZA4jffMs54aICQT0m4LtJj6Gc14rAIB8UcYoKtdDL8U,4554225678,DIAMOND
피카츄3호,mfTh47p4rZWFzFfMJNXpWeeqXasoqXAvn6ZKJkcFQbSUCNM,4495186145,DIAMOND
OMG Arin Fans,7F21GcAHse1JS6bjJ67AoNz7sJ1DP9afwB_Xv-Z6MHFnawc,4546071199,DIAMOND
2게4네,FGOICVIHyg5YYssoxp-q4hSd7KoAkyttG0T1pVNjmUau,4513409447,DIAMOND
윤쓰재,ozQ8fNRdvDTFSmvr3WbhWJsPccEsUcJTY5uEm6cNZImyjIA,4534527211,DIAMOND
YeoDae,3haFYuC_tUGu5sGwFQlhc9XCJIqLaX9reCfyT8PYDxZg,4544450160,DIAMOND
조이서 엄청이쁨,1bktbZm8OdLcFJutt2_c_NSNrSfMMdIhmd6QMRLqck3xiPY,4517823095,DIAMOND
Fesner,v1hm076Blb4DTNYw5ou9gOamxCDlD4mTKDgCHHhExqY3,4473265645,DIAMOND
Madecassol,s9WXiefZJWBe8xy31nH_jjUx4kLuxi8u0oRNly7ohGDn,4554638294,DIAMOND
탑신병자인사람,W_jn-gzV3icTkbbgHke3ZpwXfBZ_QoroQzFuUyXaaH1G,4482558594,DIAMOND
IL HidLotus,0QtbOE7afRa44xJ8HYVW9FTlS0yyDimW0kZpuBs4h8ulFME,4540594457,DIAMOND
LucyLucyan,Erd0l5hFK1k4wzqKy-5CEG4jaK8AtxXlg5paSNrCrHOMPK4,4512103682,DIAMOND
cute한 사람,N_39pgzpEZFfh7xJIbScjqsphClxUFzbK7B4jS23VWfh-yM,4489642979,DIAMOND
먹버손절,9UzbdB0uFfiv8qqLptDgo5b2sT0bz5PYQoeO58dU9d1c7oA,4532351130,DIAMOND
AMalT,ZppaNopUrJxWftxWzSZllM0BUu99U0QKKCp3iDXkqTgYpZ0,4548029448,DIAMOND
lol훈련병,gtq-rPmryEBG_6-CMLtf0UVMNXPqJyIfRMMrsvnjyt0msCE,4395968091,DIAMOND
양념듬뿍쌈장,qxMnZdnkgEaXW3Meu14LBc5ilHjepeSRm-J36pEz-pM5,4534652802,DIAMOND
YoJungD0,-jhKzQWoczZrR7J9v7fFG09v2jaERWaYjCea9H1bnPRZuRw,4552890318,DIAMOND
인생의 슬픔,Ol8QWKncdQ9OBaic5I1iHWjTwBhA6CmgEpr_JXFSoI-KIo8,4550105257,DIAMOND
슬슬날아보자2,H_lAP0MLbZEn4nz7aqPIqB4sYzCeuoIL3kJS2nwyvoVdr-E,4549237903,DIAMOND
굳왁우 ,UFdaLNUfgyLo79lbMSCNe1-cv4ku8CLvfYQsVI4Jb0_OTs4,4546072750,DIAMOND
우애나 ,hxyy6Qpu1zq1bb59bI2BhNSmR14OLjA_QgiI-bpLtDzcGLw,4512072354,DIAMOND
달려라꽃사슴,C5HITkGfGxZoK9o9ILtDlLrjlVO5K43dt2fGzanFncTUpuk,4550800257,DIAMOND
닥치고산삼,FziYOgce5wjFsATpLJm9_V8u3_rsO5Jq1IN77hz-YNVbFpU,4552683162,DIAMOND
나너조아행,-9HHMo9ps95KFm18jjgmeOcwE5C7e88pxkSnYu3oAQYU,4552475560,DIAMOND
Pati,Y-7oy8gF6bNFPK8JgKfYtEbialzSHr9091EzwtzBbVib,4541286986,DIAMOND
즐거운나,lYFvCRuXzrLUZ68-SC5m1Irp0z6mQXbCGcDWVwcjABMi,4470568836,DIAMOND
HAHAHA XD,8OmqNtopi64yu5D4E0_Z7BcTVsvpFKVBLmV19CIZt2ktIFs,4553974228,DIAMOND
TANJIRO X NEZUKO,bx0NrWjfqnJOHXecrTYXUg6T5z-Y0CJ2IlJbdbnjwytuTfM,4537010293,DIAMOND
Sleep Shade,AzAutDImxwQor0Qgoed_Ids8eOiDn1etBX74W1yPGyOt5lk,4542074266,DIAMOND
잘가라는인사,Eykizc23FEoRCoYxCvI1cJXSyqJZyq3dfYob8BzlWy3g,4552102669,DIAMOND
너를 너를 너를,jehepANb_ReTeW1WGJ26Jshhhu6a5xZ8htaQF2lRTfzs,4494748837,DIAMOND
지나가던조류,WUI41R4sOSxWkIVmA3vk51Z4basqbt7xeI5yd6S3iZxG,4545924683,DIAMOND
llilllllillillll,QdUelc4ooSwyGPFzTXWD-xOAvQ3uJevzqBRALsLoc2fw,4552220930,DIAMOND
Tsubame Gaeshi,oKrmTVzgYRHzMyxgKlj1nVpvwXAhIfDh-KgQiinplgLw,4548015529,DIAMOND
RulRuLarRa,2oijjrssh-hi3f0W9A4AWxe2CnInWbcFYfl01KWdq0Oo,4505658724,DIAMOND
라떼는트린이야,OXwbt2ULOl9f3TEL6SWLqt03AYrE0-tjUdhqYgFcxsJe,4539628205,DIAMOND
유튜브 루크윤,tLugja4O5ZClH9EUMoLzh7jhGqG7gBTeIlwZMJC2lZsx,4553807756,DIAMOND
나 NA na,z3IUqzq2v7oNsIWiN8ILhFV9TZoPEye_ExAparC0_8jDZB4,4554228388,DIAMOND
건전소환사a12986,-7gnPgkJRqf5cwCVlwNtZ4hv70Ryl-8suB4eS3FaDeOE,4553108165,DIAMOND
뛰뛰은석,llKyyKkmpLzMgx_T0HdEVPpH9isxx2fDAwaKVA1tf5TOSXI,4552923623,DIAMOND
밀 두,NXqkt2XADN5KkCxxdAJp-Q9iWC-QPkm-oEldaBzrV_wbVvk,4435096014,DIAMOND
뎃 킹,xZgLFTs0f7N2m8Zepz4mThjrHIHqyBFS2AZexAttLp24,4526987939,DIAMOND
양보 헌신 희생,B-8ZcbspyLVVRY-EV9vpBNC5PnPFbxFeE2ya9Tgf9aejb_4,4547876749,DIAMOND
시식용고구마도리,iGy62m0DvqddI4YDXB0R629ZR64eXB-jiKgalXEqp_40PLs,4553975601,DIAMOND
상헌선고,ZqyL4kw35bC0lO0BVkRLAwYEDgtYookbDwbroelHNxuAQSw,4552043219,DIAMOND
정복자 다리,6mnmtqv0IG73KCK41PSXtWtD-Fxi8ivQHyXwsodfB7LQ7o4,4543324257,DIAMOND
와조스키 마이크,angZJLsVqlITewEMx8AH0JL_u8HCbh42k15bYxMVZc8L,4533759325,DIAMOND
SolnKain,ys9NcSKewUfNzw37_KCZoQ0XJPToo614TJeZCPECj-NBd4Q,4550771664,DIAMOND
에리 아야세,TmLENxHMISP383KDK0e5hi6eMSkWeVeXKrvyDpb3elr6kOs,4495834378,DIAMOND
김혜진 내여자,yUpxviPgYDYlfJNjkqJ1p5psJJKOE4Se0WT9YcmCv6JrhnA,4548575470,DIAMOND
느금마아따맘마,hHSBtULElsMBUhuKmL2sy8ILXQPj5OazbVO6Q_sP_T3GEpY,4554734214,DIAMOND
더불어 민표당,Mk1p8PgzWZPAiHiahTXTd2gizm0tOWM2-DMis030beY_uz4,4509631346,DIAMOND
Something Change,MgqwWeEsfmTxXfrexL0eVhxNuuKvKAtpzWXGE13PpmJM9JE,4553942682,DIAMOND
1방에주님곁으로,-yvChfah2WRz0oTVey375J1gHjPrkpKmnXmgESfcEwKYx5M,4389979111,DIAMOND
달콤한 비스킷,418WQiKEXc3Lr4NmkaWPCQCgmsXpgjQ-7JoMkTTTYOJVrkQ,4543214712,DIAMOND
Roxers,v8SWxjoH9D63oEfQTgmicOzhREprY03eqbGElUhc64VviDA,4523125975,DIAMOND
숲속 망아지,6T_h8wUe9E6QK7PIQ03PG8I1-e4wvSl-0hBSOGZgSOA,4551623415,DIAMOND
010321,dWHEdse8n-m3igJh5lu4-Oo7L--072KbymaDn9tqjYW_grM,4546283144,DIAMOND
Ll코샤코니,eX3MrWCrJ2_wNFybV01Xk1g8kAKOE91sMRGtDhC9al3q,4476035259,DIAMOND
상커센빠이,Eus9N8SfyhMvpfUi6A7gK9h2Mz7KiziveoX2Dh_CFv7r,4554596693,DIAMOND
바로바론,eMxSVRsSTD45EbMbuPXXIVE-rL1fLE67mMwe9A7y4FFA,4516097192,DIAMOND
마이정글감,r2JLiqy-xo4SfW_PTWj7ThloaOWuM1vgUoaAyiHs5gEO9Fk,4541416624,DIAMOND
머리없이하는사람,1UBMcj7DIWoWMERsS8CqLswGijSGmHG-TE9c7vlp6oiQqWk,4544290596,DIAMOND
BMSK,MEh7k1Y-YfT_-wCZDQWV9ss4hB5IKzbD5J2p6r05qt4S8Ao,4505138360,DIAMOND
최고의그녀,Ay2iqUaCBkpcibjmbT1_v-M7URRZAKLvj4LfIdj92819,4528650672,DIAMOND
나도서포터,xLposZEodYhLFs3Y9vIId22L__b0RQvaHA_TPfUjzH2i,4383352107,DIAMOND
422,mx9ZrYPh_M7S0f6qVyYSNKrLsYKBbPXtm850aMafEaMr,4462845640,DIAMOND
서폿입털면안함,L5smksthnqbWl66VXACAkHjQXWZKiMUu8EXGQNHkoCY2,4548765190,DIAMOND
Pafnir,13Z5wNh4yq39BBOf0veC_AvC_NATaD8t0x4wfMkzZjkc,4528234376,DIAMOND
SeiRan,xDMPCeH8iRpXPqXob-6mXldI91tU-cfVsOSGXRX0aCBW,4540282082,DIAMOND
97대발,J0RqxHv5htpVNamgjN2r2yS_DEDExi6L5SvS1ZjhaN3y,4511877117,DIAMOND
MG ScareCrow,SSrlhqQ97uO16OoJYjljCSHWhctjLVtOVNNjtxJPeduu,4425956957,DIAMOND
최수린,dIettLXqhXISmcjTrH3AVkNdpe4OxJz4JXgvAT0B_qxnxao,4543331444,DIAMOND
미네가하라 고교,LtQOqf2k7Sqht-eRxxTHOCr2NYls5M-_9FL1Nbe1oqlUZ14,4548996250,DIAMOND
김건북극곰,QPIzhKjpqg9Ibm9I8crMAcTLzMt3RQdsuL8UIBapBgm8Ubg,4551560791,DIAMOND
마달하트,TaMk1pKcXr95HIUC30N6syQJBhh2hf3EdNa1YzGFFYTx,4529483028,DIAMOND
왜우리헤어져야해,cEg8Lzlw48Ybm94HflYuQ__ZdvDd8N_jughh3s6Hlxqyzhs,4507915443,DIAMOND
그 곳엔 공포가,zqYVWE1qnl1tq25irkNQHhYffbuZjurJstMYY0ydBheZmqQ,4554541403,DIAMOND
샤코장인 노영진,17G4N0_cn2UlvCEeWmrfkUm6L_zvSyx86GpiV46pXhCIi_8,4552969287,DIAMOND
버스 너무부럽다,vqyMWE4CBY2aGl9FlkMHJx2tc7HG8U2aAEveQsjLHdQ5,4520910043,DIAMOND
쿨호민,gi96eJaiXM-qJ-Si1wZGvqsVYkTCJYZ9XF2Mi3yUI0Yz,4459700751,DIAMOND
마스터를향해,-WEcW2vZZpoAYHymFgC1zKprOzVcLi1431zEKUhKKf5wzN0,4547983659,DIAMOND
바드달인,N7SDUSB5-GcrHGv93FdTh88rkiSQmPFhFjLXriILp8E7dTM,4547875835,DIAMOND
kangj1,pbNSeXXoKGelIgY-XDAr5DOkAIbBe6WtztaqrRJ6_iHe,4553011400,DIAMOND
20구창모,7Q48DOY-VIaIfiWx0GpuLS-04h3oO6P8qTozaLMi1b6P,4554003597,DIAMOND
돌모아이,WGG4SkI7Mt2R2T3fWn-6No28k9sk_fgQnk0a_nt4Cy-7,4554730400,DIAMOND
노팬티5년차,q08Qbe4EnwB9Xpt0bp3OPSBAJVqhS4U4FQQxjWlzfAcm,4549298449,DIAMOND
oooooopp,NlhQ20rlRgobvuoTjTZbJs4lgDQYNHXZ8DzaLm955_EWqb8,4546822909,DIAMOND
MoakSan,_Cnu5I0XKvmZk6Z_K4nVAih9j3nN4UlUg0YH903egZPN,4551703627,DIAMOND
음악진작에때려침,E_4wyGKp6T3kpePT8u5TOwtEyl_r4agNmIORBOoBt8iK,4548598788,DIAMOND
vagabond voyage,uDDikSk_iZQgpMDGT8iPMZRxffVih59nVOHbrNNIUXT_I2k,4515735858,DIAMOND
k4n4,foFclAw1dRHLaBbsHLoiac5Ud9pPxU2Kuujje87yyVZH1D8,4552281712,DIAMOND
초보식 카이팅,iHO0S1HcIev27VLc_9I82IZFU9or-i_tUT-9K_gUMEERg0E,4449483661,DIAMOND
CaiFu,coQ5g0bcDJUMkG1kJvn36muDowpsR_Wu_UccEsVfTEBv,4551077256,DIAMOND
pipo22,6Inj-WJK31c0bHcdKqoabmShZdGTnIsI1HBLdpNIGCyy,4547243765,DIAMOND
듀 벤,khHZUmrqw6QnF7VHQnb5XiBu2iJYuMtVeXURn9g5bAIkoLI,4550711288,DIAMOND
악마일껄,ELLhTs7DBvWyE5sTDJKgYqZ-zaZWGnZJ6906Bp0YXpw0,4545011137,DIAMOND
CDSELLER,OaftDAbk3JPBfaAykRrQQGaAr_47f93ac4DYpJ2Dj4f-,4523537927,DIAMOND
다시 만나러 갈게,-9vaHJ3e2_6wtNnh87HPYJ19wTIT0RiX7Daen31ReS2Odsk,4552415586,DIAMOND
Hye Sang,G9qYPDV-UNGBHK42U6Aiy0X09v2vA39oe06jji2pgjd_en8,4552152615,DIAMOND
코리안 joker K,tNIoQ_wnI8TNC2kZkWy1gLTgxWK-aPSNL1NbH7RXjvu4m6I,4540279961,DIAMOND
정글몹내려놔,3mAzYqPDjzz-quJR2tjCEbmme_L4w75OB4EyzssOAxUWamU,4537883444,DIAMOND
Royal카직스,92xhM2pi0TvV9JTIKxeYRQMCmvoyNtkHGpN3Mfvr9rP6iaU,4401314904,DIAMOND
킴과누,jWfvIHM5FWObqKq394vvvL5ZjvjV1uIgOvhO77Pv4M-S,4553980755,DIAMOND
마몽실,MZQfRCIdB4YM-fITjh-IRNJFhGrxUFmPH87OZTCcb6MV,4551689333,DIAMOND
Hg Gauel,oQ9jQN2vYP8Nq-ko8WaJZArh2RvtTLa_IXY5FAhvoBYf9S4,4505342405,DIAMOND
09년생유저,czi-kNvqxe8lcXiq_ARcSZR2EKv9DYUWLVBnpFR52R2okX4,4554025635,DIAMOND
블루보안관,QLxF5nH-YKpkIQpmg8nBEp1dsPWPt4xrLOZSqBDNKPjx-RY,4549141438,DIAMOND
정글쓰레기면던짐,Yw_6_jFitiJd9HFj2Qc8SITVTslf84xBhtmHzQCT1J-ylmQ,4495994650,DIAMOND
SKT T1 블렝크,1aT7na3Xo3jSjpSUUmV3ubKpWyR35RYTH_spuBxhJWcNomw,4548241575,DIAMOND
프으레이아니다,b3tZBnH-okJtNkunkePbNxGHHCk3Uwyh7H0XUd40WKy9los,4549065450,DIAMOND
제발 살고싶엉,Jx99__GIuLfi2jQqETiW1SnsB9i8uOxpS4QBZhfrnn44l3s,4511677670,DIAMOND
g400,P7cJXLbbL6pSLupnXxapRML2cHgH8zo0mB9xt7TafESK,4548317024,DIAMOND
ASP BLJ,DEfvZc-3hSHxmEyOFWZz-7NrJuMrHkdB4gypD2remnH_,4522774838,DIAMOND
얌치이,wH-_n60OMGW0gueTdNWyc1m4ZqD8ueajpgfrRstarIokaQQ,4529770448,DIAMOND
LaoJin,NVXDWzZQKLN5OLkZzUwu_QOgsaJR-_LQOmk-XWGntkNX0sw,4521518859,DIAMOND
수호네 수호,L4r3mCCZ3z6HXkwSBBsKUoQbW3de5IV2YznWvSPxOyVT,4526136395,DIAMOND
YOLOLAF,IC_Kcf9ABcaBWEwyjPQcWwAkVZTAdhmBS_KR3uQl1ou6mJ0,4550297520,DIAMOND
서하s2,2LANR3YPVkhoWl1S_HWwJBvnI_jFsca3EUZX7e2hz2IL,4538694306,DIAMOND
알 민,77ursO2Nn9OOPunZDFXBNskljC-fTPJ8aA1lpeOitCsLlAE,4403899335,DIAMOND
나르랑 룰루,zMzyLWj84cFwg-dS5uSOqSBRnCbfE6M4jKq7Mqairtb3M34,4541785351,DIAMOND
징징거리면박아요,YmoWQN2zBF5T2Pka2tvAFjCY2vtvwIjtBlMLJJGS18zTKQU,4549882280,DIAMOND
되 냐,esN105b3n2gdAQijWOe4VhneAPFCUNFsMrdZVJNbgQIj-0w,4552872003,DIAMOND
민기조,TXtq1v-AqMjXh9fQTDyAkfwyLkNEZNCJE6Rhf4fT4qn3Aps,4494665493,PLATINUM
랜턴상인,tPsofWw6gaCD98yq7N5cACn8IDA8s73QmoEUK3o5LUJukrY,4497933748,PLATINUM
김채원 fans,KRryKPXhwif78ZI0pHkDoAbB3fHbVkV_svB3JCyQ7Viv2QI,4497929490,PLATINUM
콜라짱1,IOhSNOn9Q9y4CcV0WfX5fe7kMkfciUXGwKof0pGgHpFcAgg,4530096669,PLATINUM
황리드,HBTuJCLgC22mwByVQSdRY7aEl1vhMhBrQoKrZqve891ziyk,4549485761,PLATINUM
섹1스8킹,Qo7F6ie99SaI4u6-BlgpthJ4Rv_6h2gl40QTpIvBKVL-z2M,4550220991,PLATINUM
강경자님,Km-dpPE4GDTVUArwDuVebziB-qL7WodR4zc2JsjWQRI,4554695037,PLATINUM
IilIlIIIlIlIl,yKfzeoYQNM62MJ3BFFkYn0i4JgfNmzv38eLnIME5ucysTyk,4534879180,PLATINUM
기적의 솔킬각7퍼,crZ33bwLSFm0ob7XI6qk2wM99hIHuc2yV-EzfLdpqeoAjbM,4380213496,PLATINUM
극한의OI득충,iAyCkt_TxEAmUHZ2JWJQ_KSVhDhNKph2WUvPMsN5AR2V2hs,4398903535,PLATINUM
옆집누나빨고싶다,jptr7yx6BdA09XgmObz_DZ-GWEwdfMm07S4IEt-_BQOjpBc,4457685596,PLATINUM
애미터진게임,noDvlT685unrkGgTsfRhvcRECfKTJ2NiMOJqHOTs5s3oQ6Y,4288091259,PLATINUM
무 삐,QQwdoN-Sz_Ij7PVJtSTnSFJZQjrUvJanlvBv9A5XCLQ9ZNg,4542026577,PLATINUM
포링포링포포링,apCs-oWdMkVkbHgj9jEYiU1DCeY6R0bA8hwBDYnyl64,4222508752,PLATINUM
딴딴하다,Q56n8_RsOwOcEK6Lvlx4nSxmxnRIsjF0gt0xkuO50Bg1S0c,4550931673,PLATINUM
폭동가메시,hLhBBkVPOOz3CZ_3jVkfsS8qxjHWCoAVNviiPDmw-sultYQ,4550876525,PLATINUM
메라제자,y_YDyz1tD-ybdqdSyv0bosVgtsf0L7c4YZCaHbdHIuE26po,4398738199,PLATINUM
깊은 사랑,eTGfW0mDs5Z4JZIQN3L8xHLoRQ8Y9gbe-jhvHN9ekb_33qc,4551243155,PLATINUM
노예녀1호,HmIkexfI6u6kelPdpanRp8C85okt8VVolDmPjmz-gK_nkaU,4550810077,PLATINUM
현또캐,eXsV9obEHi3rT6YEZHu33ZpEgGLSBf2lkHiSyITt1vg5sJA,4529010662,PLATINUM
우 티,-uolg5XU10f-FkUp9FBl1FrCjvxy77qxa4NiPMZH3kuH1gY,4514051798,PLATINUM
삑 남,oVXGpXpRGN_gUwxaDLbyjgRW57v-W32W4TfmQ4kTd92oVzI,4346796815,PLATINUM
K11,U7lrKWHXOTJ9raGQcO1dHND2A_3LUxHZ6UWnrTwx4QBwIms,4369521973,PLATINUM
파름한 이람,_C66mcmLpgRY0VkrVKxvfRPm_Bz1b5t1w6yvFoAw6yZAsd4,4521490258,PLATINUM
태양아정신차려,E-GKOxy8ri7dQHISIQUGkwuMeS49qvWsJ-1TFArjKV1PA9o,4410509973,PLATINUM
햄쪼율,ghOgVWvsZopNkgCfL3BOIQgrVcRCBOcGSz6HBTJwrovMB8A,4509413515,PLATINUM
서폿인줄,xLoJF-uXRa3T2h2tJV8I9B1nsNsy1mf6L0ZckYPCVJQ,4492458178,PLATINUM
고추달인,990OxuDYSgkEb0TtMFZlyDKadFjob2Mql86aYoWCA2YqK-M,4340003182,PLATINUM
케틀좀믿어줘,wKzAMclKiVdgpGozIK1O2SuPOLm2JMk1qISRRxIH71outF4,4506486071,PLATINUM
유꼬츄,ljjrslKeuYSnLU7Qae9FjHRgdaEzP5PvnmbqFV4IK9zL,4297559643,PLATINUM
최키모,AbFEczCN6ftEV9E-9GXz6_sojMv_rsrEDdBPf2Wfrn57mVk,4540370412,PLATINUM
사골맨,i0fq5ndx2mtszO5dzB1CFpC_I1fE-sIvJm1xc1jsgvxasfU,4531423196,PLATINUM
착한까미,--ECEjgFj7ElzbLbL6JwdMB5bxu-LIwKUrosQ0FrkPOWsfw,4534290625,PLATINUM
신쮸몬,3nQf7tpwkq3lb3qt24UzGfFT85zC7TEVmrTFcF9LwO_WHJY,4544429306,PLATINUM
쨘 희,oQsTro6IaCvYsL237RpSevuFlpLsmFJ1bv8F2yhbok4,4552692451,PLATINUM
OP TOP,G2ftwRMH7r6bgh5U6509Hrb4XBT_ihbgWrTXc5UsKwY,4554472557,PLATINUM
mhgh0321,V0-T7mTUsPpQ-8U9Ev93sNkmB9nxbHymoxu2WM5LYoM,4406314545,PLATINUM
Heimish Master,ddNP592fPlBNgA1MBjxo82SerPPpg7PgeaqHKER_f5E,4551325636,PLATINUM
체 게바라,BbRCnPZALMDnnLro79Pz5hOozJ56pkOlhy2xk_wQpJ8,4546339764,PLATINUM
종인이얌,DP0HzLTIFMpOA75X4kz774NLDSf-FVXbsCKbd-6WAmk,4550316589,PLATINUM
김치찌개햄버거,v2TaA0WW7xNCt7Py6Wtdd-nDyn0ES2ZmpXoizBuZL7E,4525537926,PLATINUM
이쁜짓만해여,1putmidJOjOs6Scv43MRmwYGZ2zMsBMzBBSBanuK-lY,4549557433,PLATINUM
3ch v,30sgjrC3G2qZffMTfhMZAsQ_zmOvW0L4A1RRPs6NBGQ,4552146930,PLATINUM
왕방빵왕밤빵,KaYnh7cJpVSIlR6Saf-JXxOuL_m_Gnk_nzz5EOwcGQmC9U0,4382132979,PLATINUM
억울도르수상자,M7QviyVBN5lm1WiA0g6WON00cxcC1MpgZzE_f1HoLDBmfvA,4090109254,PLATINUM
살인곰탕,kDfZN3LlAhkjblEvU8PO5CsYZ9AT3lE0TBYIAR0RwRkjXjE,4551975580,PLATINUM
지옥행 나락열차,bavNwOBi0kg3fUeOVn6qqh_VlDpDZooje0QIHXaRbx9c,4521133978,PLATINUM
주영아 합류하자,7EF4-yU8ndkV9fyQKJmcoIUiPClayAolj-YIzLDevBscDYM,4497509304,PLATINUM
정글복지학과,0zRyBDmTtEfuYcs_ei2XbZEx-jgOHi5Z4cnOaQAOkWzkags,4552020134,PLATINUM
Euler Formula,eGAdtpsb9kqnmpTOgKb66yRU82BfjU_gNHOng-sQ5zOHFv8,4514626296,PLATINUM
Jonathan Swift,UwUdts211JF5iVTk9_Mvx5sLVg8vVfOkOIGhPtc6ma3IEK0,4455080975,PLATINUM
팀운조창나서던짐,QBfbJZ3TPMQwnIbE6-SCSj_c8nOfcDXp5eMnIbh2oSwPOo0,4554613672,PLATINUM
너늬귀야,VhziaUco8p5FG8hed7_BsSIaSBcNe2AC94MagvQXsk-Ur3Q,4545664797,PLATINUM
The Winner is,qOqLf8fRQsiWheKbVhkDrwSZYg3X7xEX9HY8Zcg6fZqoW1U,4552932662,PLATINUM
승화신,h19rEfEUYfXkjNk7SmHlWyYLzF4McZ6Z0ehKn0eAy376WjI,4472193529,PLATINUM
공격슈,kAgxgLw-xsnwGdg6_OXTx23XuWrAcmxuTWXG3nBpJ660eUI,4547067572,PLATINUM
역사는 불껐을때,jBlnjuiEkv17W-CeiTahq0EEeitGjFgVV7Nat-p6mLMm2kc,4544383409,PLATINUM
무장트롤러,L24co7I52BxLW6Mp92017l0w3ho1hPwbwJoQ6jblTF2qsCM,4554701333,PLATINUM
조용한 정수빈,QaHXMfJkFSg1gL1T2yqULcZyiVTj5bL9G4_ap61HWmrVVQY,4539941980,PLATINUM
묵언수면,N0SM0ih7URhBzG7x13Q6SdDEuHkHsXuR_JYZQ4NDnBaNQiY,4513336762,PLATINUM
최고오급 브랜드,bgBy3fLV_PzyLid5Uy6LN4N2PusznSIurBGBJAj1xZtajr0,4531925676,PLATINUM
냥이가 냥,Eti8yAlfHf_aBq0bbqRTB6hqYcDsmoI3XUPvWwgaUhiY9ns,4543045103,PLATINUM
탁구채,kVnUJwJ2gH30O10JC6epAzhDhfXdUGdFIwDsoZHl7h6m2so,4536566648,PLATINUM
LOLQ,f3ai77h0Iz0wTHYww-b2AGqb0tpnJotDkycPBEdXfp0Tcxo,4523269206,PLATINUM
김계란스미스머신,M66JrxNcDEXTfIDGGMGrTUoxxpDD6S3UjksnV4_uOOsCqxw,4537422467,PLATINUM
합의1,ruBBFJaIR5Q3-W_US8h8Filx-ChCWkd-M5IFX3b1awjtCFE,4553886372,PLATINUM
뇌절장인김규브,VBfNc8DLEs9B7ssG5WBiih4opr2AEqLJEC9196CZR4rv2Gs,4540779046,PLATINUM
숫현이,0Z_9BY4RjG6C5NgDyNwOQqqLcrAFEZkzcLnRCHzMQZmtlm8,4139729536,PLATINUM
체점왕 마킹,8fHSDM6IkRZUdrDrjz1_bX6ZiFu1PLdFwfEcYNmi6TIfo3w,4554582249,PLATINUM
도연짱짱짱,1dZv7Sgswux4joyvXVdRogk7j1Pn6SPwpRJQiVGH1G-yL88,4548929332,PLATINUM
leng de ren,43ZQm6JMDkSblqlH1BLN8wdrXWeXu27pjPgPWET74Q2n0uc,4554479217,PLATINUM
내게강가튼평화,gHm9HDi1kXfSxjmzYP607XYBlaie8eU6lB29-BTWQfeufdg,4542331943,PLATINUM
다리똥챔,wVx9NPCBwktymoUliWw_qQAthpXHmU1L86waLVuW4lIMPos,4549710087,PLATINUM
촤습쿤,Scu5Rd5QtRGLM9k0sOVmZvpjZAVWmSEnSq4hlgZtC6qgtBU,4550923998,PLATINUM
앙 세나띠,l8f6Cy_8z3EB1h7wlYQeUjepEk3QYRDoCN8Hc6fHbKQ4h_s,4540278353,PLATINUM
o딸기맛사과o,wXNcj9taND8D65uHUA454cHgloDe8FIUF30eZQHth6BKwxg,4351656787,PLATINUM
Royal3,nuvgEBIdeEir7tAo-UVm7-xsDnYKA_oS94FCfqFoWw-h4j4,4554711450,PLATINUM
요망한 오소리년,DFm1XpIYV7e1Y2_-Hw1IWZAtnvYL4T2ptdXwvdeISjpW58o,4432153478,PLATINUM
이것이마이,6Lgu09Yktjm9uyEsTOLg-JR4lrvTAeIk7_dCzAjggM74v2s,4552266545,PLATINUM
새봄바라기 쿄마,p_3phdwMVSEej74CPNw3M0mXr6UE7VJnjtyg8ZCqMn2Lj_k,4549293768,PLATINUM
아주이즈랄이즈랄,jtwncxKFnIMjk1KFbGUNGpR-I7sLnp9Vi0mMVoJeR0WBGcM,4540799758,PLATINUM
oaaaaaa,76zQpHfEV5Y-Is_EdvM7lUF8V8Az6xoOsuSZ8dJtZQhJt0g,4552680194,PLATINUM
파프리카비제이,m-QAzj4TMEND9eD4i6avrjZBq_6RmM0fXFz2KGrcIuHM_uo,4199973833,PLATINUM
Real Malang Cow,f5bF9QunnunEUjae2Pfk3XUpsNbh0r5kpeRPBQyoE5IXBOg,4492817545,PLATINUM
개트롤킹,Q8ejmwr1-Mf6PBWdWLBDJnSVqGWgBZZGkDM7wQhCNKMyw_U,4552150089,PLATINUM
QQ Xioching,ljctRUNd7MTe82QsWQHGbzTg49A8FzYmb35FGR8nJyt2Bfs,4489217493,PLATINUM
KIESSLING,JqEO5hY9tVvvKRO19eKLSp_I56dsoPA-UyHnHL9kyUlFX9Q,4549673274,PLATINUM
티어값못해,ikF7Pt7XiXlwaCAMvg_gojO8qiNY9UadL1KIWWvL95g861s,4550417592,PLATINUM
뜽효니와루루,9LGiykquueUMlL023s_G1mg497wKPmSnrWcBCzltTRvSazg,4524112923,PLATINUM
리신하면 오픈,I6--qRvo0RZCMfSbuFsMKL6ajacJc0xpn-Ufh1o7SIAmFNg,4523461309,PLATINUM
그묘일,njtHos7XUgXTGyBGyX-4y1G-s6U2DBeNxgTwldbFBKVutcs,4554714435,PLATINUM
그 놈 카이팅,XMj8g9h_dHeGRdYYqvQpltBr9x7WR3e-kKE-jTRHdqN-ado,4552163691,PLATINUM
어그로형서포터,AhPSylm1uosddHaj92MAGa3DurQPe8U5Sy3Kz6W5kK0RhNQ,4502004064,PLATINUM
호르르릉,fZgdxVwPSFoPx73ITRlEpVIwNeq8Qb2M_CATlR0621VvE7U,4473214489,PLATINUM
타선장,f0X9yJB30S1PJBR4HleShoK_S6xWRFwOMjeSVC1nFCpYUgg,4548894998,PLATINUM
서버가연결이안돼,eaOTAPDTBOJkCZ537EuQlf6oYlL4GqFYqGzU9W5eatm84no,4549411303,PLATINUM
안민우,qXs2eDVcgSSFGolNEudzUIFXt3ki1hQELfidJ1AuIp9oWrY,4523185320,PLATINUM
초심잡고원딜가요,Qx4-RM5EfpoaVRB4lUjTUzPMnQlJWz_vvpWzPiHA_nvusr8,4551469597,PLATINUM
현수현모봇듀오,--3CPXcEZh4R3IZVPzWtYXlH_ypF6T4TIpQKqu8eEeIn7pM,4547570081,PLATINUM
정성이필요해,2P_pTYD4UDLGEXjx9fwQkfxSb8wgz8igXWzHiyzEBYkeAgQ,4537934989,PLATINUM
천상과 지하,BwM5sevgQwQFquTZPJjsBlEnx20DuuZYy9CYmXkszJQ4yVQ,4552328538,PLATINUM
아직한알남앗다,OsK7GCslQkPZv_kbQKOSi1futT5_vg0e3Fn5o9GlnnOxmbk,4543523044,PLATINUM
차창욱,4sIpP5djdpGslS8St2wnj27ulZqk9ozdexxJ7LKyaOYxPVA,4552103318,PLATINUM
임현수가슴털,-sP5gtMAKm7SpzGT5FJGwgiUJ1ElNNkVB67fgmLROfCjUhw,4550199278,PLATINUM
긍정적이야,O8H559Th3FcEIYKb_8dvaNGgLJuSxJm4aBvrqRJZ-CIVwhQ,4554569127,PLATINUM
롤체험용,qVcHz-_cRBTL1wvQyY5VS06-GjUw3__LHFnDDkOs6cNSQr4,4499203420,PLATINUM
복 합,9P7V_8kcWC-Bpc1wp3xSgdGd3lpK6MroRgIwe5hTIfYuTUY,4359168482,PLATINUM
볼베만팠다,FdbfmEBCmsK5LntF9i_fsBunYxDlPjz3oj_caSi5A6bPC7U,4535773731,PLATINUM
BARBOSA,h1eoYk6Aq9t1laeueO0LAKQ6yZIx17T9s1-MLOLdap8UA9w,4424186720,PLATINUM
혜지했다,6sebpw1ey-4-rzgY9W4eMvAWx5w9dfOLxD2o2EnJph-znMs,4433211749,PLATINUM
오른올스킨입니다,FdmIV9lyEzonK2rpDxtFgE8Mfd8b6-x-J5uRkA57HHl4AOc,4546258086,PLATINUM
킹또또,OgIGfyKJAg3uYM16uw_ARO1OJysNTL42SmB6hMmxJ4cqJA0,4499365376,PLATINUM
뽀빠이,KLh9OcmXVOziyU_46xYIcrjIp-5sz7nue9B9hEVEJhE,4550945464,PLATINUM
페메와쫑,BibZTC1mUeuJ_oreguM4tKqMAeXXROiFMiZ99md_jgLFGPM,4545667988,PLATINUM
김헌찬,sqCYdoxW6fhdQvbuT8bNVDlKXbqNmbW2at4j7_ctMLdDDl0,4480151637,PLATINUM
먹방주의보,43a7uGd9lebdi4B8tmmfXy-G9sQxhVCVixzWokumIK6uuI0,4494204227,PLATINUM
조밈우,jy1E2xTcmB0Bp8zNNthVXVU6ZYRRwpFowfXXhXY0zw1a_BQ,4546813386,PLATINUM
훈이는곧휴가철,jdwXZJkQY-Ef4Tqtw6rL9IP0dzA8RQA1DMODqPWWNapY,4553791087,PLATINUM
좋은말한마디,fn3jB0DtTCt16KDeEoRhhNzR1rl1vh-TaaaXWuWQKldeDhw,4436552212,PLATINUM
탑은기도의라인,qPNGkUWrhv_MzF5N_zTDr_FldnrCqVlr4OC_MNlAz_0,4543240169,PLATINUM
컴퓨터,DG5vB8nGi0Ahg3fhqdFY-lMNPmLLqrD1N4rb4uKMC9A,4552269582,PLATINUM
Justice Ever,UqEyvRwV2CbaMhQxXnCiX9t5eadT3mYyOe7cjr3OMJk,4547168207,PLATINUM
Sugai Sama,cZWZAUA-chV0sFoboURCQrmBY3wbJfZy3R2h-I1y6dA,4546845464,PLATINUM
서포터하겠습니다,HteofWIQm3TesdBh5rNETcrIPwsMQowmVd2C26aUPNXt,4506931076,PLATINUM
백장미단,aELZNpswqurETyI5uGSSsJ7NdlywzDdcGIYLXMr4oGw0N7I,4553861992,PLATINUM
기가차는백곰,wuLBAW8SlFkuDsiAP2IFZsv-yPqmZP6jX_EYO_Oo9NRpqDw,4256811488,PLATINUM
이냐이,hXqPOL0QNs2k4GyvbJVMdYcDkj6UhzynvD5Rt0KO5msX3P4,4551448030,PLATINUM
나는꿀꿀입니다,w6nhRjgfYirKVIp-GVghYx8WHOC9lQBOk78S29_v51hqAJc,4554197547,PLATINUM
엄준식의 에듀윌,axDyImxqejQhlE1lQ8JkqBa5TuV_UUwJtxGt_nnYvFe04ZI,4546870221,PLATINUM
Riach,qWX0M7r58XpLc_Sth1-eYb9rMjT-8IiJnU1TFQB1DQEC-9E,4544545535,PLATINUM
명사수 정진안,cq4NbyNUZznaFQmUxBqNCtdOV2R3dSrPAP_PYarawAFteZQ,4386544033,PLATINUM
Plutinos,lIRD83Gzw8IoORLcjw9KGTUPmNZtUay88-UkpmQ3yP_VBJ4,4546155699,PLATINUM
롤천재꾸리,fZWFrM7KJF9Fr8Jxm6N-VRTmeiXzG6wK-UkBxf1mh5UogGY,4551655046,PLATINUM
가버린여자,a-fgmORaa1SH-8HCjA2XErQ063KtZZJrgHlidiFpSuD_QVc,4540291071,PLATINUM
괴물 두둥등장,Q6b5dq2-gYx8zVzjxOOVbkl9JDHIF9c2axbFfrEs37FEIRY,4538779118,PLATINUM
저녁에 술한잔,ANAq1LnO-gOgCzrcNJQHOGSXsPoFzDRpG_l6gMY7nhqWYv0,4554051013,PLATINUM
대천여상,XNiCozKq810ujO5tD1OyOsxi8rRmVKmYZrwFIIWPAwJ0ZLU,4514434898,PLATINUM
칼루에,fdKq4eJtU_5wzsKPtTnboP9wRdSYfZdkPYEMj4NSWn9_dOw,4550614043,PLATINUM
카이팅해봐,dJ3ad1CPgJAGkoW7Q-G2ggtpH5DZEU1fQJkuFqKrxZr-Zl8,4482711457,PLATINUM
xnx,3R_ePcna7SvaG5KWUBfxX42Ivq6nnX8zctmj3tWt1WD-pZU,4249355863,PLATINUM
믿어줘 해볼게,jRynkmtgVd0IUYPZx-4i5hKcktdUm7KAKG5rFyU7tio,4544587443,PLATINUM
백혜린,fPaumAP4uisP1deU0W7Zt-iOmAssG1kzi7WqcaDcmu1XHo4,4543405999,PLATINUM
pshru,CGBKPRhm732klx5HFyvqFSC11BxlzBpjJwWPp8IjRcUwGFs,4553810942,PLATINUM
부욱이,TMI9WJvDPPmaXcV-6Q3KYVu9Nu6NQk8dSAHWHogogC8,4442247812,PLATINUM
아트록스상향기원,uP-IwReTKKavI12j1AWZtUzr1doR4Mctzh5t2dCRCPZNvDU,4554710278,PLATINUM
신고하자,TySfBVLfBV3d0z3Ob4-cPqmPW7uJHKyjiVbRVaCEHjQ,4514841879,PLATINUM
석유철철,GQcGkS3iZNsOxM-NxBHIrAtwpdp7LdCOfK9FZK42hVNTIWE,4462097113,PLATINUM
납뜩할 검,PTn8c2_HlDD2MqHdld41XD6NCq4cM0Yfn5WHIgGqmAtmYi4,4553070758,PLATINUM
ThisIsGunBbang,7qOA2h_WS3R87-8H6LL3L0kGnGN-eqRGEkwRKyqcqTt2EkY,4178018448,PLATINUM
꿩대신비둘기,mIc3zN9j5RT4yI_4r0tCO-3EgSRS83rq7gKdksG5UMKUVEo,4537451134,PLATINUM
챱챱잉,HyVaa-YAXhn0C-SsAla6CKIda9Pt7LoCl8Vgb5F13Y8N2H4,4502569296,PLATINUM
vaccine,hXpd02rK2-DwQTLhRf8o60OlsKYfceT3G4u5uQsXClk,4554639027,PLATINUM
나는 똥별,q6axJE6UNGarEDyiv8LF7C6gdpnVIDx9blSFGdo4SrHnYpc,4553389607,PLATINUM
T0P INNOVATION,II3K2oCl2KmTtgWZn7oS7PJ1sciCUNjVOtcsCWmnnR_9BiA,4461148206,PLATINUM
UDT 김상환,o4uDOmUuXUTFRN1IQTcHVXOo1Q8_A5vV6SZBKOwfwcIQFSA,4532358199,PLATINUM
양재준,I2cXxNfRm3zStZQELpPpXERutOJADSLARhBc2e30cO3BX0Q,4537794221,PLATINUM
qpqpqpqpqpqppqp,wG7tOtllBM7shwFB8mWUFa6ttYVDLQ7NHbMFhEzEsSvFH2Q,4552650606,PLATINUM
체 대,CJ9LGdsPXdx6ceGvm34lnvUkLAyR1aluBYcjaPHh7osGcsc,4548800571,PLATINUM
리 승 학 3,f7Irdpgrzdoo6LlG_1avrq9zLh14Aapg0tNTJEFgiOyoq9o,4549033932,PLATINUM
huya18329229,qZj3GgbNiacSFf81j5vBeujZBGaQNHhh3LrERlL-Xnc,4454634891,PLATINUM
어둠서리 에코,1KWPnSFy0wV4yVeivJ92gIuxYlDmR10oIWTaddFUKxulaF8,4512776758,PLATINUM
메창인생박진우,VHuXHDj5oiWSgguPcBH0pC1lXA2uk7dYUb6E2Hm3emDzc9I,4552457631,PLATINUM
주식의 사나이,VtZ5Ql-zBnpA-mK9KZB4jiq7U9GSjDM_Vfjy-ZzRo6EYLpQ,4554716301,PLATINUM
동원왕만두,NH2NBYbA5mIxPZ6PsScSZfSurA4pz-yYwJN44BVp5E69u1w,4553995774,PLATINUM
위드마이케인,mgqPQKhUX-eUeCD2B7pfAgunmp15Jw3l2t1bdGKUS_s,4395823523,PLATINUM
AAA3AAA,lELGGckxuOdsCq0e1osrulF2pvfX-SGtRu2GV4hYmg3sC9o,4549120613,PLATINUM
웃어야행복해진다,Hkr9WkLZzyAEirMk9Ll3IuIsKcMFJC7-dkAvV_SInDE,4548034034,PLATINUM
공세은,JEgOu9oZiF6rt_310goFAQoN3RlG7pRoLG3ktGkpkI-mh8s,4536777118,PLATINUM
겐로쿠우동,wDPv3BmYnyF6bwk6MQodFwiJUxFZ-og1binbcU71QrI,4481844058,PLATINUM
Mozozozo,wq76v7qdBw1AF5-5Y_v_oSXXokiIm44PV4Xkj_86SAM,4439448383,PLATINUM
규른댜,xhyeOtsjErZIfUQnBYxGxd-tIBSQ-zo1Foipq0GbnBo,4545931917,PLATINUM
아낀다,WWIzAaEi1DBlcqMXVvJePFF_RJhKP4nJOvclPl77WaQvvVs,4554556758,PLATINUM
절믿으면안되요,eIYJSLjLcO9QcBK6gIjNtDK5JWJ4jJ3dFvXNUhi74WoW6YU,4547209942,PLATINUM
누나봇이터트림,T-3Kanctrxgu-7-hzxRwUYDPQtgK6NDaQjPCFeoPhKfxa-M,4548288790,PLATINUM
또남탓하네너네,TdVJ3iBL29pkDqk2dEdTcpS327QE72VhVfN-UEfHe444BPU,4487956016,PLATINUM
J마루,nTAFDHn_UTRx69-HT3Y0o02PQZCS3mEwsFKYuxXSzuJiaHM,4503063508,PLATINUM
즐겜용듀오아이디,_EUfANXXAtK5tzF6KJ5UR6lAVRff3YC2D3zBuChVC0JpNcI,4523348774,PLATINUM
F등급 서폿,2NqVfDlkuD2SwY7HngJx93eG3Sy2RoThb0bS8dhip22veEs,4517453351,PLATINUM
당기디방디기방,LfIrciy7jx6KRU5RJrTNIQMXdKwhZhw6NrtBCTrmcpFf,4500043050,PLATINUM
엄살인형오리아나,vrTC3Kw2c43a12Ryk2t6V8LyiAYix002kSX02EtPeoSv-fw,4548568632,PLATINUM
레오나랑 소나랑,C6q6avPCYmRcTYADAd7w-2AdGdWffRyc0VDLJRsPHFZRGbk,4521674424,PLATINUM
갑급무사 김세혁,5_48N1IE5y14Iyed0mWI0vzGbpbDRUDHmAQsOu4yRzo_1dg,4552305876,PLATINUM
칸나 화이팅 ,0UU5EDYzPMdk7i-JWzHIxyre5tzHbYZnPBuVQFE3zlG3Z4Q,4548867721,PLATINUM
산타할무니,kNk0RpaGePLPe98ecX13iLDNAp87WzdoEdO0PHoq5ksy8LM,4529602851,PLATINUM
김윗직,ejB2PUk8xMJ8wwBjtoaMKP15oH4eMr_B6_j-TdscUUYQwbY,4553928529,PLATINUM
EMoL,75KFiWVSD31jzQwPGu5mP_Ag7ItFRrc8TmDOtkb4QhM,4553038127,PLATINUM
깜둥이흰둥이,a6pFVeUxX61CFSUtSqDJUNvW9dt0TY7km2ly0ktzjhLORTs,4509588251,PLATINUM
마린주니어,pNYq0SiA-my6UgpWLlVzeUMuokwXKLWtdITFpX6jmRzrf6w,4554025218,PLATINUM
퓨 몬,RdKQdTbiIdFYM9ITIaVh_--b1ztoaCf3y1wsjWtFXPTr9Rk,4367929341,PLATINUM
llllad,Ozp2IdYSjcR6DgCjiIJvFDDuPMgtWI7YxMB6Jy8xe_mga7k,4448356994,PLATINUM
NO FIGHT,lupPsPMvUuB_96S2_bkuDhV68y7rtNEO1m2X5GH-rELFo5E,4526069468,PLATINUM
느낌 쫌 아누,bXlZ6UAsiGzH-dzM3gkGOYHibZ53f0oBsTzDTwlpDuMPh0E,4501917064,PLATINUM
힐은마,MRysQFymW1XKrmlNVmn8h6rdDQNGuBM3MycNkzfMKqOrbUw,4372456546,PLATINUM
내이름은노동현,xUQNMD_TB5xODgZz-J_vReFHc5siB9gUeMZ5badzhMsWBUY,4497325268,PLATINUM
l1lll1l1lll1l1l1,__V7kjCtPCDDYIIrNY1T6HNJ_apuleT45mS1z_1oi2DLdgY,4552016152,PLATINUM
Bruno,9NwI0I7wfwmpYuZlOFNugoTBYo9cWeTW7EgBrlhqfUvv8XI,4472385792,PLATINUM
Dust Zn,aanDOtxqjzLXmz-_Rb7Wk4XHMO2nWaS7ho7zADx9GEpSUHw,4493080473,PLATINUM
기원초풍,FsGmpu2D0TU8RLEO5I7jbu7EXEjMXkagLbhQdaTigM4,4422925589,PLATINUM
나는야혜지종환,U9d1YH_PLx_vw2hGnSKiVxyhkso_70MRSgZ1R7NH2tVf1cY,4545422713,PLATINUM
예빈아또죽냐,HO0YFACIaHUjaVpIJcFEZsiTXgKfEwaaxZbkvfYq7BAx,4510495142,GOLD
kokodoli,X1YOIZfgvxlWCPCrQyToasIVccakxzJf1Ih5M_V8pBHG,4553953996,GOLD
캐리커쳐,kklfH9QXRIDkRoCaP3eNAHx_AD3F9hxMYGgBRrcVuxfq,4551655631,GOLD
볼링잘치고시펑,b4jEnP6yO2lzG_a48fL0uQGzwIu_XUvclLrcJQPisEzd,4545798813,GOLD
저는잘서요,VGLXSPLbnf5gniyFXPWdXTNUe88KZEqyMwxCdLGtlIR8,4435253929,GOLD
키작성,CgoiV4EG6H7XeuBzA1D41g13y6Yr99gn83xf9AHH2J-r,4548308941,GOLD
맨도90,FKUAyiazli1Co9vA1vzx3ff-PV988MWWCPoxGLndk1BF,4510823233,GOLD
형민김,u2soXnGZBmUK-JEOjlES6xo0kdEaP4lLrSvKhfMv-6nC,4436461831,GOLD
1Fax,S6u_kbBRnynOzr82iumHFqv99t1X6k41LssOvTha3F56,4552870047,GOLD
담배두개태아뿐다,JZp9D1RKan_5HTlDkuoih07qp_0cv8UzTgx0VAwQN-7I,4450900975,GOLD
먹고싶다 너,FBFZE5dz5to-1E58U0wgjcXYofpENfe2uXCnw_SVFNWS,4490887577,GOLD
자만충입니다,c5VumzQCS2enOwEjidos7jZBa6gs6rlGtym30RPirpWp,4545610279,GOLD
행복부자,HxcPBSXHWEq-znLB9VfehKhrgavcrpX7HexDPfDcQ2z6,4539729802,GOLD
농사는 쿨하게,wJF68CihIq-aFGhX-RCwvGPVHTbsY24NJlBxqth7Ty1H,4537273137,GOLD
보고시펌,-GMDbOmXtmcy9fGk4OGPV3VAZJdg2Y8dNQHd8yh9MqnV,4553790372,GOLD
덴마시아,EIbrNwQ1QlQow97dIPSWe5OhFnUkrf3sS1QlJHZkkBni,4552195786,GOLD
니들다디지고싶지,Ls5oYtNsIBIIwLVXrplAqci1bQEKJHz-JYnNoSoNTZtf,4551620658,GOLD
u r lips,K5hUoAz-r0ecNNmH2sCVnDwhVO06TgwmA9RQtkTy_r1U,4461068135,GOLD
81m수용성박격포,A0gvJ6UlxgOqzb_xVVd52ctzha3NEd7cr2c9cj4lL_oj,4393714864,GOLD
낙승이라생각한다,y1d3balwXKAY7JdfMv-8SF2UXRMQEStws2VSMfCTT4Rv,4553931520,GOLD
관심or무관심,iA-HhXHg7axtIi_WQ58HsvY8u2tyMs7Gn62oqIrtrgwB,4527663770,GOLD
그 봄날의,nXQucKrxb_GzxCIf4HQH6KokUlYJQs1ERymjXS3af-H-,4532601543,GOLD
깃털 라칸,B82eP3BDoJdFrCeN4mK7T9IiOmLlMs1vCucg_vZkLnWX,4540068412,GOLD
뉴런안정화,41FmRQOfrdP59o-dOEXp8e-bBeGemCLgyZdN-L0J7ILh,4529472673,GOLD
Shangshangshi,DCg8Khf--1-zUfLF1yC070ddy87RQ22-OTGH_1HMwCyf,4515442966,GOLD
제 팔,FOPekiFDSB4ZMUP1-7TOWKIq6ctzRJB4l73mMqo6pw2D,4551938336,GOLD
AP Joy,nWYAfSusBbWlzDvPWyNHoztR3uJj_chUmqvQhkoQpBBi,4553073734,GOLD
청하쨩,MWk6gl_s_TOcPSJXOP-4nmrxE_wKENI6BTugdmOf9diZ,4550835111,GOLD
Boright,IDaOQPpPyLTr3NedioRBQdxIJ3Vqz8CJhFYOfzXM0xFa,4285315847,GOLD
개트롤이,_P4Y9b3OJTC6z0DixXAfSJFbXR2Ng2iFEa5MIqAl8Xz9,4538575931,GOLD
벚꽃꿀,s8knGKCPI3yzk9-crd3PHThIsow9Z-mGIdz1T5hGi0Cg,4545612434,GOLD
비데말곤안싸,XjirlA6hKfzw-lnVRbohf4T-SSVKw1dDankBaSfRQw0L,4542304699,GOLD
신들린 미친 무빙,OcYaYuYulyfnMqFOhzvHoQ7cug8ETLKURYZjBR4c4CPV,4501461005,GOLD
빡치면꼬장부림,XgdSnFtpPI_NHFi3q4YF9gkHVRDOYf0qMr8frj83O7Qh,4473545392,GOLD
우 상 한,xVlUa0P31ZKKCuW5EXffOREfKQpdgfne95_iLKLbKFF5,4537114260,GOLD
라네즈꽃,P1w77yfbtGpauV7nQ3OZ0q7D0ssD0EpMXF7drABXoG-8,4415530116,GOLD
sryImnewbie,-4gSgm_2cXc1NCl19Ohhrd_w7B0xgOX3udEpYDtnOoqK,4551511013,GOLD
Handless,DUHstHUjdptbgQ34DpAECfjaOJ5HzT0hmEiHV4tJ1AWw,4551943004,GOLD
해킹해바라,czvXw6vOZMS4gEYUo404ASOfvK7qnbbkuVbDsdBLvZtO,4539894318,GOLD
아이언리거민,b483-tPXhqo2iK-EGJl5ZFNTUUZsucmsY-u3YW4iP7Lf,4553447946,GOLD
윤향순,7aSnsZB7D8boGjnSWUC5hr1KPEYTfYKJ60IutUlLUrHk,4540818035,GOLD
NocturnBear,ZcIZDSWMdnUrwP3IXAVuQkJHUdTSE-wtIt9tdcdrWTJI,4552012754,GOLD
트리펜타,19QhQAnAWkB0LzLGoT5iDZorogZQiONPcr099-B7ZHLr,4551829833,GOLD
눈누난나룽,v3tol5D_n3gGuz0_e2Gffcf5XN3m0AN8aibkzSwGhLr-,4552446164,GOLD
qwerasdf77,QdJuuiH5PN1uMuwEmWe_yFTz80HwcS76Kt42Vn16N99l,4396852967,GOLD
송원종,E9TNiony_nEDN9wkbD9lZ0eugcecOq-AG_ZmjDCj8Zlh,4527833876,GOLD
저잘몰라요,cTXqzadbEQo5j2zY9nYeqyrczr3ixZF5ARS3iWlxxPsc,4553767714,GOLD
창 스1,p5XWnyYQHsco1VBwjPm8C7ydRXGcKaFZh7mzittS0I8d,4518161916,GOLD
나는야 과학,xkXEnN2FqkIGxqd5Dmt2ObJ9-j8QgVF1zZlKVH1jatNu,4518078166,GOLD
매우간절한원딜러,TBRdR4OIIk1ZfI3tdvj9aUC7SUCs8cqks2UKFJroVWLI,4554311932,GOLD
lllIIlllllll,yMCtOl9_Cbw5HA4I6yXIJKt_v-gMsgY-d849y-lsOtqd,4488310567,GOLD
uNdesirable,wLqrSDZpxvqNpo3Z-Cf3PFbdvlO0NIMCjs4yu7NMdkD4,4385298025,GOLD
킬각인거아리,Ii98uBgwrKEImH7aR8VNj_jfKxGNHEMM6-ceu1FGtfVn,4550416154,GOLD
핵못해,lAe8uuLbF0AJEwxUp2P_o4I6fWP5qQ82suSgbyZL5Xho,4533867131,GOLD
벽이넘고싶습니다,Gw6UgQ4FCs-GPdlgyYw7Cdjhjyo2EXbVU2vxHtloP3Vu,4498660121,GOLD
머리이상한애,u4cw3QeWMqCtojZL9alAs2Ll-CixswHOiduEkwF9OtCN,4473113392,GOLD
아박예빈때문에,l3qwL8IneDF0xmLQu6IfS-DBqAlBleXhu-QontrTDrrG,4401436151,GOLD
Jearing,avoo_hjjSLKDr980V8ca9V9KIKaySn-WJ7zj57IgXxoz,4512340675,GOLD
소나 챔피언,IuzOqdpjx6r-2HyyHX8r5QM9uH38ttdsnE5LWMC30kPR,4551687648,GOLD
아프리카tv인티니,paHmW2L5dXFzoai1jxtnshI3EClEoy8PSe8tMOnWRdsR,4195777215,GOLD
혜화여고 최슬기,ujgKlZXksT_eosXR2ST6uNkR5b_Mr_N-wvDPF6gR9iAT,4553766630,GOLD
Damv1,IOx1hzMHNS3Z0Lre0_MlPXld2xkZ-3inmlhMdjA83_ux,4537040187,GOLD
왕준석,O8mrMH5KWeUldQrKcy1oCxN_fhJJbnFeMG8RMHKS2EUK,4548026542,GOLD
KSM 정글,60FexEeCiOG7s0Q2-LkuXhk9b9wu0Y2hv34hRx4d7bCH,4554734629,GOLD
쿸키쿸키,jLDfYEjJ2x7ofK_dwoY7u-jxZjR1zr2-LmWcTPPr-Q9-,4552281274,GOLD
핑크머리오른,C9aQsIr20CyDCjLGZFN0r_SP5LcDfxN6Q9k89VkV1GoY,4552011883,GOLD
조이가 조이는힘,XtjEtHk0QfWu6UpjW5bSzJZ-6lTX7AeN4nz2W4i9FcW0,4467130744,GOLD
봇잡으러가자,ANEp116oS4efa9SstolYamulE430eLXxH2fmmTV6-OgZ,4523210798,GOLD
갯벌수호자털콩게,EaonDFTG6YmUesjKNcgAL7fKgwzQw5nR_IXbZgtf1-rF,4550129858,GOLD
Fibrin,RhyVbPE1aowbMTpCQWq7iFuAh20fGjLp26IZT6s0CtBk,4337991507,GOLD
웅바나,cXaSJkIWIw5F6rqKqA2_tURXnUn4HIrytgTBH8X3Bs60,4537268982,GOLD
Fcdd,BhV5hWPg-KjaZsxrej88eeVGuUhzx3THtYx7V1trXkyN,4553006546,GOLD
아니정글차이지림,lyiW3TMlxE9ahU-klBPPWosPxII3kM-Hfgnsn6LuHuJV,4552343049,GOLD
CherryToxing,qXzV-Y7JWKMv0dQF0LbIJyoL6ISj7XcxqsalZvnbDK7w,4543413819,GOLD
버섯농사 T모,Z_UNbhJcrkE6ccEMxmLzIyOEaUb6vR5e74QQhotPedMX,4531153252,GOLD
야무진딜러,SRtQ9U-KucLA1_KiC0_EJ1HGGTDy95udvi-WTVvuZxGe,4326111109,GOLD
잼민호,J_0Qk4nhgYGtDHUsdcRMx4KY4XYfVNHVBrNfFguJG1Cq,4507860286,GOLD
Ullungdo ,TRQPMiQQhZatfYcl7IQHtkHrf3jp6Avp1lMQP8BMQF3v,4550515610,GOLD
진주랭커,re3Yv1QGTDG-Ws_b_ZBjCS0AeiXlGfahvY4deKOpkgox,4474936494,GOLD
돈욕심 없는 놈,HQpgJy-vxiEVIe_WtpLSXHzuLZW_HoelVEhK0NuU1hga,4548706581,GOLD
로이조 운다,1ZFFFpVD0QVKiowD20glBELGpyxq5Ia7uRGdI8URj6zy,4497613555,GOLD
긍정유저미니,0zSs8ky6vOx7OeTBI9y1Xd7fpGUkogvzJe1FzA4134DD,4410729288,GOLD
구강사정,pBlOU36eysVCtsr3yPBbpphBWbBu7pg5zJkbjK0tJrrd,4473149523,GOLD
IIlIIIlIIIIlIII,EWCWZ9r7DNLbuhDFpe595PlvampxIMj72kF8XzISW7oj,4548727386,GOLD
RcnPain,OXCK5rzphKR3HntBOGFcPvMCwiQJtVCmDBnKH_YLbRWZ,4246027847,GOLD
God sonny,pjeRFY8SQSy_F0_UUnT8k0L2QxOqwtd-Z4SlvEaVAgt6,4434076162,GOLD
서키즈,mNB5N5UAvwP3QN6TJYmUud9c6kXdh4BY9q9QEVyAOz2O,4408088189,GOLD
강이현,q_sNaUVuj0wsqqcPFV8-W5Q3Vq_LPysuSzRQrQVL3HR6,4545764881,GOLD
돈까스 죠아욥,-B9DZ57F36zxYKsbJ4sew1lWp28qQjqm-VFzl7vgYHj6,4478161247,GOLD
한낮의불꽃놀이,42KoiC8rSaieKzM14uC400uLpasxZeT_0_epYBW8VDVk,4383393073,GOLD
맞추면상품,M_41OsegOTtVS_pLBOfxXstQvxzXG5W87PtNnqwTLOTF,4315190518,GOLD
91Nov,yjmZIe_H6NDCs9R5unZkpzRdJ30m3-9ouTn5jwi8Izls,4552088339,GOLD
슬레이어 카라카,hSj2e84N_kw0RmH5Zricyi1onwn3F4shfU_qd_YHaun3,4552193767,GOLD
혜에내잘못아닌데,VZC5GjWgJlMORUsdzc_8j2oZTq9yYEt_Wa-bEE7dcvNo,4554044785,GOLD
강철팬티종범,WBGgaEsOpt1ms7dL8TZiD3KPLC6v8xs4RA6IIbGuuIG5,4553859946,GOLD
노근본,CJ1G1nj9LMPnnk-bA-DjaeI8mIguOszWHRmB7cNkulFJ,4258365807,GOLD
조미인,BMxTy0u_0uGtAdVSKaWUBa8L-BL75nLjzC1daKYp0g7E,4477714283,GOLD
전매혹,asdBoBpAVYLb0CXhZwwYrKhXQGs-Ybuv-z8ywCKnX_-Y,4526151116,GOLD
이모티모고모,Y4vtMlN5zIBy0hT-U7f_hjHNY7gppwW9oLXMorb2Ikdr,4539330101,GOLD
민뽕뿅,ml_VHMoLOmMjuS0nnu3k0EjtWLd6id-LoLjzRjv6xhyc,4543584576,GOLD
종석강,FCDigkijVxZinhkyC-BQuukUy8lVev27lkcNVRwMeqpy,4554591300,GOLD
무무얌울지망,TdbQYTFKckjee-BaJiItGvRQfNbdjIUi_-RDa6Bw8MDA,4487622140,GOLD
bhinblanc,8BwOXuhe3-8WCBuGz1geEdFZkoPwS5j0O8GWVY9PQSXU,4447195825,GOLD
훗김형준,6ZznW9e2IbtE6aRQ1v8x67vNXmjaRf0MnatrOxndndyZ,4544410046,GOLD
빡태의반란,_OZDH7TxDtKravIwqhWpPXbgLx5CST0gHYnXKvuXvH6V,4554577695,GOLD
계급사회주의,IWoknE-1cVIBonxrp3qiAMCgrGCzFqq_J1_KkVG6i8Ip,4550844960,GOLD
말릴수도있티모,E3Kg15IynH1zkOV2vypmdNbfrt-rcDH_e7Fdtq99jJyt,4509350147,GOLD
Sniper on demand,pIdWgxrwM09Hy5gwaokqGa3Es4Q9VO5PMItN7Pvb0Usx,4118861032,GOLD
또로륵,rrqxpqs2tdKPBWnTfvYnPRIVzsMlCImoGd3M1U7KutMU,4551468775,GOLD
잘찢어,zl2uXf6bKktRC0cLbdWKMObp6d1Hb8WOVqHDBrFSLP7m,4553038909,GOLD
착한유저 싸움노,msp77ZfS_T8_euDge4eSjesVA9iHkqelSkrDYB8h9UQn,4537923687,GOLD
감스트생방킴,IVFCxt_0dmoVtvEbpfS-HtjKL5gtdsSyA43yC_ZxObGz,4554197793,GOLD
풀발탈론,9SDQxo6X6N3xIyT4IszUhgPOLJhG0XTF3Z_9GGNI3oWR,4549030672,GOLD
트페주면이긴다,S3t0_tav8ZZVogS4Ey4hU9a_m6k9ysSda_SKTgzpTVWK,4527659380,GOLD
01023371894현묵,4KzDl2ahUlO0v9JJvJkR7CaE48jo4q22pqDrZ9e3RJgu,4529614882,GOLD
스며스며들어온다,DMoOphSZ-USrc-G8msPYoXF3oGKrcchMjmy51mTay3SV,4486523312,GOLD
jb1234,2IDzRKm7thWTWFtgbjPDCjHTWrmSIJ17dHUCix_gMTAi,4552920448,GOLD
망치로뚜디맞는다,v1SFgF3dVDQB3oip1511DZ1A_TFqzhXtyAh1TKWtsKni,4510619765,GOLD
존야왕신바드,UvuK-PktYaiyWMi3zHtfiPmiQ1tmk7pSRpWhh4ryuXmj,4545608734,GOLD
거니짱이당,J857cjLxeH23Pjx-bbC64sLxs5yghY4y7WY5hzppxiU2,4525228099,GOLD
인생 길다,J2a84X21AcvThiffvASlZ36i1qKuR-qfLmmIQE4hfhbr,4524340170,GOLD
그런닉넴,iAO5FP8jjjeaQjQTOQFvsx3Rbtffo5iehRIns6SX_ssK,4532381728,GOLD
져Ll야,SOPB4mO4G60XvgLS90b2vrE__DshZrW8R5sr4vSFPIEg,4552348032,GOLD
명기문사무총장,w3jpY2BJumyZ1zNQXEbJBFF_iGQCt5Lu00aEGsreKoA_,4549336503,GOLD
승욱상어,GtE5y3kkLk75eteRqJJKvv5hFOC-134yXe6uS8x0g2tt,4552893779,GOLD
야매희롱,ZIwxMit0KcqTc8asngJ1oxKiJiH3GE2E74z3YdtD7wks,4549427604,GOLD
여좌동불소,uXrUvuyxGL035xssT-cJ6yUa1BrsDP96_YsJnSOQY1Jk,4540185978,GOLD
원하는이름따위,T91UnLkF947MnvS4Veqr1krkYcSQc8AgyUucuzTgkByv,4525932791,GOLD
노엘갤러거,9CA7JNbcgTLics_VBN_zY7-AS532Aw0GG0jobca-zU4x,4422169587,GOLD
손 두 리 님 ,lgvwVFnlTVJmwYLXnLWYgiCxHHLQnPW4qK_cq6lVBr5d,4551538666,GOLD
옷자락,7BrCFJBPelJ2_fZ_VRqkaIOmONHuVQDNeBJt0XFDn4Nc,4553429476,GOLD
헤 밍,6Y1yPduOonAcH7c_H46h20EPBx20JbTG_wGZJzqbRfyg,4551055597,GOLD
대두송완1,ggtQqtVo0iXtgohMJH4y6tF81b0SeneOOnrLQcaX8jPv,4553954740,GOLD
쫄 면 냠,E9Hrl5uCvkHgn5S95eEB9cdgLMrwFOZPko-ovGuZwvhh,4554372188,GOLD
분식나라,gQcQe5nrDITmmQTGSo-DZ54qGMoai5SM0FRDUI8qLKMu,4552239171,GOLD
뚜우우따아,-RLup2gKkUigJh2Gq7o8E1WUO4Q2iG5wW6kEZPgeT6kW,4554711361,GOLD
경미드방어축,z8fGpPKUI1SI3d_YBKDlfRcq39NTw9hKJ4q9hBn_2osa,4195128372,GOLD
Nakiri Aris,tiXzYycFTJOKNuBPFrgfC193qvXI9mbaj9N0ERTWlk-_,4513239306,GOLD
실명 공격,LtlTl2x-3w-Y5Nci144yKZ7shKn9HPcece8xA_kHZFy-,4482061887,GOLD
마늘요리리리,5px4dtAVSKtZpgwf5PSZug23en1XQjfv8UIZOcZ5N-u7,4543909231,GOLD
상 흔,pzNSZue-Rlz_rCV_A17OolHLeUw3ASTou13Xgyc-80xO,4517246575,GOLD
여보 넣어줘,GZRdtGN-vsOA3Z-PiSvKy5bcDYrc9unyLK9pTmAynDje,4531225802,GOLD
읽기쉬운것,JBvnVLvwtFkEiFIa-IrGqlpO7MeUDCM8lZT4i8MlBOxP,4200740515,GOLD
0104195092O,QuYlcPrCEIzOFROajjM4aY1Z3AJKzjDfvByjsGPaEmnv,4554601745,GOLD
rugxaluno,tKSetGqI0YAATE5dn4k9EG4m2pMLLsm6Xf6oHp6I3IyD,4551248969,GOLD
한국너굴,gSDI8lnwl1qaB1hqn7LlOT-0XbX8jovws4IEk4iHh73G,4424962365,GOLD
전국야스오연합,3S4OBTtKKAkZSrEraFI0EzTIer3lfxhn31Sai0F2qXx2,4550654546,GOLD
쫄따구주인,aPn5-Faqv8Vc9B8gnuB5n_HDYdgWTxMYdGQBWLVV6GaW,4552477836,GOLD
남의여자가맛있다,TCpkv72S2AUHUiEaZd-oiaNEZ85LKX713z1IUVEeaSgr,4454664395,GOLD
여탕에시야점,3BrNz7R1HXFecRR4CiuOfosHZRFVArEYTZlK6p90PkKc,4552438046,GOLD
오픈각 감지기,jXWRuyUM8t76rFqobYkHaSUISx49DAzFaD2CKCtm9lac,4551630746,GOLD
일그레,gI_S6DRe-KMsqwFrT9d_BvIc5zqaUYq7gpeuVgeJhhpB,4534457724,GOLD
당근도령,zVFrZAmw-FCMbv8KogBLMy1v7OI2WfRFDPVpNOJ4LjyB,4552275773,GOLD
교묘하게,Vo9B57N9tyYwAzcyymRLJs-pcZP2eXHvGWThowbipZQ6,4554708152,GOLD
IIIIIlllIllIlI,XDq6rdfY5ot8TFn0TAPMP0QGQZe6Rr0wtPlsq9Gx59Xt,4104261040,GOLD
유리늑대,d6PZf2nehWsBY05uFb2woU6V5iwa6_Aab762WJYgeIZK,4241601907,GOLD
나의도톰한이불,G32RyR3Bfi56KhTC31gn4SVg3JRnRdrSYyJ6gVX1oqUo,4532491839,GOLD
애 뽀,OhDi37ZNuvuIuob1tiaZvB-JMGidBnbM3UpucOkz-eL2,4368034372,GOLD
채팅차단1234,IgBBFHg0aTpd5pE_G25AnoP9XnjsY-2JBHqspizm8DQt,4527445284,GOLD
그놈의구찌,ACeMt26b-0FN-SfOnh1yOtBvBN-i3Le5dOYzQ5yPqtRh,4548242234,GOLD
유림삭스,howxS15UQqdoRD7d7tzgdc3Z0Q4MbnYEOXkhOTzGy0Xi,4553922124,GOLD
불쌍한대학원생1,pjZqitgPOk5x3Kf-daki52Kr8QxAs31pNWvST5RyaUZD,4549113413,GOLD
최지환,Z_8BBTBo61AqljKJqiwBfrmsj8aMWJWIY5NAXvvJtjSi,4501296983,GOLD
dfhrt,ghTECABw0YLhG4jN-e8jGuMzb43qnNQnn-BuFaCgRSZn,4454479385,GOLD
레드잡다죽음,HhB7IGRdX7ZC0WCtFyEHEOlxIASC0ox_ntBvWJGvc7XF,4534648486,GOLD
슬기로운남자,wblYxj7DVR-7Voy9SZURB4934skDHPa_QMk-P55e95TF,4551301493,GOLD
서재욱해채분석기,x2AJUbjSYzMTZm3kapPFT7Z-irBZmKQ9iSamrTx3vBdJ,4528885170,GOLD
라일환,gslk5zGOJjAQTWHwUJTI3fr6Uqlhm9MzWsjvCrV-FMQj,4549168025,GOLD
김깍꿍,cjWbt5EQKSpm3DsVkhvJnLkQpMEOhSoNdzo0YEbltw44,4533652982,GOLD
킹허당,JlrbTPV1z46tr3I-2xKGEfV2CAHYH1DQMKqQttfRWepV,4547943503,GOLD
남긔욤,z-ArTJuIxLAwTarucBMUktRCodaZzhMz9ThgeAn1VzYI,4554246809,GOLD
미드원딜폐관수련,L_2e_jTraF4r_YSxqozvL0kP5K7PtvITys4t8juHxj7g,4425958076,GOLD
mandupu,-G38xXxRvLc3pDMBXd8dy3HfGCR3oDu7e8XjqvsUSF_y,4548249347,GOLD
탑에서박히는사람,rpPb-H24_h7UWIUkBELdiOP0M0wW_gmK8RgF1kO5Bvzg,4501377209,GOLD
타카미 치캇치,A5y7eFzHTKkGsxOlK4tO5dImX29kIOSmMTWQZmb8mD9f,4510233379,GOLD
저력보셈,6LYmnhtWAqg7C02gDros58SFLNqoqtcBFrn4BCXYnudQ,4535784178,GOLD
탈주각도기,ax4vbzKsmrz3SNCzHnci-hAUP2VLBxFryZWllrr7x4Cc,4496811539,GOLD
즉당히던지자,5iCG73-HlpCwaiony9YZdjF5Wkcohdv9_tNrDBJ2qvWp,4550690071,GOLD
교과서렝가,HO2gKnLsKcxUaoRimmDl9rkAJQFYM6ieAQkG1Ab_WfDZ,4473359052,GOLD
기몽철,o1P_rNtjI84qx0w2vxizyRn9k0fJuQM2ORcCKZbZERSf,4541435628,GOLD
지존캐릭,qjwfJK6J3zcgwlDCh3UGdsvu9p1VlKlGogEP3HNt8nS1,4550317375,GOLD
승현아즐겜하자,yP0eazR_7J8rsh6_dNwmLz1956BpaNYxovVmyTDqIu_S,4472021818,GOLD
서든들어오던지,jqPTarcLgZhRZJZDje6N__rA-5Tb9VTAx1ih9E4OhuZk,4551270228,GOLD
kj1daksl5dfj7l,g2aNqqmVP6NCI4SWpFv120vlvmCQtWaa3pyB5jSLlFJj,4522322203,GOLD
핫쵸킹,FUwMyRX2JQfbVf-TZ-KJfG8jhcayCfYCzXvuqQu-YnU9,4404011507,GOLD
TY사이다,dpPEI_E8_o2w4oV6A7ff4OFeV6xhBgXm3gsWvpa84gdB,4502797962,GOLD
칼허트후드집업,WWkjSh-ZR5cjqx5A2RC99UL1GWWq4mJIgQWuh9UL6Ivp,4504522378,GOLD
Xelle,qg3vcQiZyFbkTtlt8BGVP7n7A3KhKRr8nBKtaUAnFh5C,4554041494,GOLD
라이스핏,tyZIslss54MWVkqK1UHlsN_DboXR8N7Y7XrmhtbEsNB5,4460338086,GOLD
GEMlNI,_rwBVAj4xk8_W0TJGdZpWig3FNdzjqtBXWGsU88chf8T,4551754176,GOLD
10Messi10,Vt_DK7WVYORN97gaJyi3ODGDiZFj9_5ivEJeTEbUgKCI,4532462769,GOLD
웽 이,QAhRTRlucOooF7lH1Moqr8p_htmc4J0Z6xKBwg9dTNWf,4552197242,GOLD
VTVT,3Yd__MX5yWd0NqPzPvWJT9JpoBeLSjDkiX3umr7Nlwwr,4551286850,GOLD
만리산 참새,YQbqWRTHS3fX0vJ3hiAbyb9Ud8vymmyzIl-lX9NUk9SH,4551495407,GOLD
부산완타치남바완,u5BCC8-fVCTQGIsCm_biniezyguEV390eGW2kguJKuE-,4520979957,GOLD
hi im eunho,ETmPf9JT2fxdreS_ufc5kJDc7yvAJJct2a8MuUECnjQL,4437394717,GOLD
버스모드,KDT20ha3pT6tAv3JLwt_GFDbaHrkTdqG6VUOHI-NDBwV,4486928568,GOLD
Enter7,6oFQRqGXEedTqaVr_BWg2VKd2f8MyWwdD7R_M-29sULN,4529756015,GOLD
만렐리아,bqg2gYIbPf5oD1zscQcD_RDwq3k50UbDDM3iL05rIBg,4548301633,SILVER
LOL그린,DEQsg6DbjzZRaGx_pWKrKrzV9rt5MoPsTp3xKUJk6Myn,4540459573,SILVER
아이갓더꼬롱,bfzpMIWCCxTWGG0Kqj65kvhFSChtCotPWLMTt4Zg9eKS,4177050103,SILVER
니 레드 쩔드라,JxUHhkV59Cf4eVGvfvaPa53FOGGZhYjYt1n6A4dyD11R,4547020849,SILVER
Suwon Destiny,YXxgFFf5gctx_n3mNWCrap67TDMXXv2fRoxTob3p9f5-,4461251804,SILVER
평양최한식,tRevrIyNyfbT3Z0v-aUhr6wS7zcCLMlMGDU2pmpSkKm9,4552256507,SILVER
꽃피는그날에,ktnapSqjWJU6tRV4mn9UggEr23o7oBz2iLAl79HPFMOd,4547200041,SILVER
새벽빌런입니다,V55xQkwnOnZ5DP6GVLXAIiZeX3OdV3NfXA-uB3GHS2Nd,4547226920,SILVER
절묘하구만,1QWtqE9o9O5o6nsVrsYdw3bg-Dy2bsc7izfQ0492_MUf,4427759715,SILVER
할리스커피관식2,-SfucNzaSoazALc5TaQNFVQTSq7SLDytMA-rqc7LLCJq,4547548588,SILVER
fire eater,74Tbe9WKp1g-3awTs-f55tbOcJ-E7Col9yzUMFu6zpRN,4512040899,SILVER
Marnito,PFH2nlJ5ep4hniAty4DJEGR3WrkWJlvNABzG--qyYOA2,4389079347,SILVER
sing짱구,KaWp1fS0Dmc5DCZ17NnqeA1D2No-dwBhrwf99EIZPziX,4436739222,SILVER
골반깡패카타리나,Lnc81hfjk7-kSvD1_127pZEqQkCeiAhmZ_y_zAd84BB8,4510664022,SILVER
kim 햄민,VhuINCxNuezXWVZHzwZP-THgatcneGq1wdhlBoc7ZNmo,4547923825,SILVER
적당히던져라십알,oUzFeZqvKkzTAY3hYDrdZGkXvYDIzRcYqvolRIvKHnKX,4532443073,SILVER
뭔 소리야,zzkCA19udnb9Y_ESiD426cFVW1jW5KNDaDR_cXXGul8F,4439319524,SILVER
현피사절,0GEKPbH7FlUD3ywAW492RQPeFfXWJuUFHBSTkH-OJtv3,4484596342,SILVER
축포의,k8pu_eIBd1yzHykJIOWkiwd9n-5WV2XiZT39ye56AtVc,4312866841,SILVER
준호접세풍,5VmtmuURI2lI_2_VbZeCbmIy8D6CmDy2Uyo4JPDWu0Mp,4543282714,SILVER
푸르던푸르던,IYM7zGTUtGwOUcQAhqZVmjWewnvt64xXqzbWNqthzmD0,4547295485,SILVER
흔들엉,mv3lmzs4Lfu7RSBSZPK-zmZSowDx742GFKoCp0mB84wv,4539998410,SILVER
고천파,-T6ou_ovKOzsppMGq0Vm-Uy4mXnSQVqx0gZkVGVlrHAM,4200969850,SILVER
DecomeBe,SmnZ4mPcpm97LWTixd3THuM2Ou6JFDuf_C5sBRbvhape,4503371410,SILVER
뱅기야,AJ67LbBIaKb_4wKf0tMIuaA7nVNFHL8iw5T62HpmM5gB,4553079107,SILVER
곱창집편육장인,_XdzCkAZ1oKIA7t6rqvvOAIjQMOnVjl424kVHZ7sjhGT,4544129334,SILVER
정말 무능한 사람,vzoT1ta5mj2NLEHDajxt455iA849cFa7k8vdQXyHSZtV,4537322009,SILVER
우즈마키 유원출,IxLL1uNvN_gNfT1OLJE9UFwvgJOaEETD2XaRPjrYG7f2,4547264690,SILVER
이즈와바드,XKoLR2ufceoufldBJyf7N4NLLa3Jvu7grQTPDkM2xeXQ,4513671023,SILVER
순대국밥돼지국밥,H59fFw5jiyR8aj5N5FqNdgkiSDnYWYudcF9s5g2BFB1L,4552892784,SILVER
이기면팀탓,IKeLxeRlNuCFcv_QZWE-K7GhTYbg9rIncLJSfg1vSqfb,4546341445,SILVER
테디 접신모드,Xaj6XZBecKOb5P-fZ-PQZOxjfQ_G4JCwtCXgmaQQcDx0,4220566648,SILVER
20세탑신병자,OhZ9updvwufi0UIN13wPwySoIqYqGtzYcg9h7WQyKEp8,4534365007,SILVER
갈마동 손흥민,UlFpY9O3RrvtvMSHBk7qqRFBeeCIlyS28vXfj0YiRnSx,4553995958,SILVER
침묵의중립자,Z1QfhXQs7nSGBzj0XbZU2MUbNvpfHOC1FXqL4RiiUML4,4547052929,SILVER
희동천재,GKHxhPb8VTa5vHErVd5E5MnOQTBU_4sKTxmqlqsQ9pm8,4503716643,SILVER
사랑동이,6pu0XICRJ7ItLK2D6VfDwXOEXQWWbvnRFhJoiFyH5S12,4542421007,SILVER
리오늘 메시,6TKZlTX7gwQXxnX_1f8niT_8GFCtpjE6LaeRHaHsyCXT,4457401755,SILVER
매구리떡,je_ShHJ8sblUO3PdP95xWZP_zW_hOMn08jo4eH7Dlxw9,4533891223,SILVER
혁준님은얼짱,Ch-I15yUH4Rs4hClYtt21A1JH0gMhC5nU0NRMfQwjP0b,4409403089,SILVER
경감 윤웅종,rhCEQn4TsawKAUF_7mc5cal_m3CnPjshB27NwgBytl_x,4362399549,SILVER
티모추방,7qBt77MNZfMQJGlVC1laBdT7MBOEwzQvS0X9HncsFG_C,4084801138,SILVER
마다라메 바쿠,VBW67HUONhUVjD_IWe6wkN5TlvPY45ovyJ5tU_rAflbZ,4536830701,SILVER
갓사냥꾼렝가,eBLVw0-CVudQSStPGt4qm6-8BLc_dZmqMikjMFCCPKB1,4333552086,SILVER
k나인과세븐,sfM0Qb96MFeU5ttabdGCpn_ZsefKnylp6VKxImNA7FCt,4441800317,SILVER
삥뽕뺑뽕,nofK7PwPLpyZ3zVKw-ipc7LrEMlYIcPi7eSDw78NsGGw,4537377040,SILVER
wade8yong,bI0VW5lnnTPhZyNzevqKg91TwV0pvFAeGYdcGhLxbuyO,4475448815,SILVER
남해시금치짱,RiV-4DaUuZtTi0-1U4q2m4P5G3Cyb4qTQ6LW6d80otMu,4505343860,SILVER
ms스섹,WH0xkMJFL3DqA1ZiQgS7uirwr3RcPOzoUImuJcuY2Kwq,4537925978,SILVER
설혀으이,e-9aH7k95D21hQcmyKUIg41a7jakmAXN28uIhAOGDwo,4390447683,SILVER
인간딜도박정준,NwVX556ILctFXQ73NwGIhQV4dDTHMW1SF7CdfuINqW-H,4554673856,SILVER
Podo,dz5iKVn9b4FGHa9lNamkpcjOrtRXPjDv47dxurXYVEI,4497649704,SILVER
난 사람이 아니여,2RP9cf7GnnOijrbqg3g62LDhSslU7Tg-Cmpjnk-qrxwO,4407516824,SILVER
뚜봄잉,QtG4eLq257X4Z47EciS1m8Y93ZEbXoaSLwX5ujlhuXGv,4552704441,SILVER
근손실안돼요,fwE9Bk-RFvuRoWxHzyNzo8RH4TFJ23LOaPgxRT0feLqL,4527888075,SILVER
롤대학교서폿학과,ky8TQKAt4CBKGVYxZqEhxXVJws0azOrT1-UjDxOrZBG9,4499920609,SILVER
초코틴1틴,S5x_SuwxYquW5YKHzNW90dE7xnPlrSnlN9YaWHwLWPg,4535568040,SILVER
성인등급,vXCKz2xlMY-zY0_h7HOyWTz7mC1KvLrM9lc_bNbFjI77,4500209453,SILVER
제시링가드,IDdLmY0m_YMrry94E_AWpwQz6p3dB1GaBGoK7pRyZZJc,4523929135,SILVER
우치하 코그모,nJKFiNFRQgtPr28pxUG2n8mf4W2n3BSeswvYivAG3tca,4538939461,SILVER
혼술능,tTOZTvlAOyPOCJIlozbdLOAm-3dW35s9_3_1EjI9ahQQ,4488537440,SILVER
한인수짱짱,dMojJxGZvyIpUbBQGq2di0QipwUG4gqOl2kqhuEo3keB,4548924029,SILVER
기사장,5ioBJ3Y2akxTzpaHhjqoX8THEXdsjLtzZ_TgLWjrCDPj,4523175498,SILVER
토린이,B8NLQxypBJYnkM7UFKmtRUc60bkj7r-lW4cy3_3nefwD,4456632443,SILVER
폭풍의김두장,XfN2o_RK0FMJVzFIW1FKTotchPAjXJWYLXUNzqispTxR,4243404877,SILVER
정 은 솔,cGtvnjYk5mknGW90BJWWIsQyMShO92H2w1SuG1VrWte1,4549024859,SILVER
Lainstayr,9BULkayoDVz7oxHOocHILVhGkjHaUt8rGi93xHfdP5I,4534881219,SILVER
ltwls,Y4worK74G_RukR_3CqmAL_aw9gHJGfnjbpAXtSo8qnY,4541282398,SILVER
눅진눅진,YBTPKF5vXWa0301Tc5eofJ78shzjowBoXqqjk4Hbz0E,4553439431,SILVER
건들지X,929WmYrvoy7VF-ZObxHt9P2TDLxJtdkyecXelh0MLdM,4554732048,SILVER
써폿 캐리,4R3lN6Tpt7fEYF2kquaI8oBo-UmpwXIlUwSmtDJS0cs,4433690801,SILVER
부스럭,DncPjF7xusMi9ImBkaLlnePQA30m74XzBJEWjWPUWUA,4546874763,SILVER
투건주,qtfdu2kvH1HokRlBCLvq__2qcKJ1vcmkjAmDfh6L92M,4553190047,SILVER
서핑가즈아,OiyhSKgLOkrN72PpAwi8HPP2-nMUJnPWWZFLAb7Qf8Y,4465211934,SILVER
돌쇠의몽둥이,jDHr0vlgxz0EMiV89K28nxA1Xu7XWu9c9STBNuwF3Zs,4551952196,SILVER
인성이 좋은 아이,DN6ucP4JKPN_Ko4nv7XHlP2jMdzfnKUFnwBNVYCQJUeL,4458208890,SILVER
fkfajs,HOORKSgGRqzAVzAojqScaGMeNktvE8yxnnHsmiOa8bbs,4507819372,SILVER
어흥어흥뿅뿅,u82VwfNZaPauvi5AHTAQkSh_G9s9HG8Fktw4iuBqToM,4309876365,SILVER
세스뽀삐털,uYCltkZMY4gdWhmLXPW6X2Ti_8vTq-7JMmRwmhNdmp-J,4378887330,SILVER
꼬봉혼오,CsaWtQNu62QtxH6m8mzJHNlkkAepvuDok-jHxmDyEfSx,4205489725,SILVER
해피엔딩진주,y_7m_gYr1GzDGg_4_OrvJKP68ELlrFc1uhnx75FqBWmw,4132418153,SILVER
singleplayers,ZIEWSS-7rzafTEven3l4Xn2btLPVUN2E3J03Eg8kSwBW,4550263975,SILVER
윤대리커피타와,WRtq1NVqogGmpcumYtXjD7csGVuR2e7EooyJDsw3mBZ1,4516399388,SILVER
잭과함께,sMlPenspeh-PKT8RFy9IvvE4VY4CriYyuah14f_FZihi,4534071992,SILVER
아이칸,1CIVyC6uQ75C9B5JKZsRnk3Ho8us7gBbLBw760CF8uB2,4127017875,SILVER
케케케켁,w6rlJePY3P_5eKzF8JOAJmMKS5XjuBr7Oi7p-L4yQbM,4554553624,SILVER
월요일은 인계동,uxG8vrFdxL4CZDbxsk40brmLBK7U7g9s2JqmSHKLYQnt,4552672501,SILVER
고등래퍼 배연서,NOVorsq13Y08rMjSkTvvvVfxYkxMD6vDGTGp13wT0exN,4543623364,SILVER
삶도시궁창,VypwHI9UNJLQITzrPnGX1B8gjy6VgVcsWVsEj82yCWA,4232685371,SILVER
목동오면폰바꿔줌,b0UIE88BXzoXMNZalkxLDmpCDuOyPxpZ6tKSV79L5Oun,4524659048,SILVER
이현일,CWOhCQDgGa8h5eDgUUHIK7v0LcFrZiCFdv9_9dzKVwmY,4544340648,SILVER
이상엽,h_kBrlAhsxg-EUsvM04efZLFImMgFbyjsYoXEtH1Mxgp,4157754083,SILVER
기 냥 서포터,pCAnkr95rM8xtTP7QWGS3qUUS-oPob7xzpIme6ZHdltY,4465453756,SILVER
GOD순딩,IoLBFIynzcx91ml2bOqyKfrMo-aciKMKKWizuVTJuAMW,4552403914,SILVER
153쪼꼬미,YvLQFT_oiF7_VLHEYhx8Uh4fw9NKD8u-a2KqXIYLPOtM,4554577493,SILVER
판 조,zynRVC37n35JIQmRT8-k6DWMlJebhzFOY_qmHxX4kyoX,4550234171,SILVER
쉼            이,A6ruDb_D_TwoDmY1QqKxW_nxyQ7IcOnmqAqkS_mB3p4s,4520464892,SILVER
동글왕이동욱,tgJtlpKSXvQBYtj8Z0FdPQV-K_o_skk9TlkQ0uQBvpc0,4554316504,SILVER
하단의 자야공주,10WdBC287s6QhCIGmRwWV_H-1QMV6BXTgYT7Mm26fLPa,4453112800,SILVER
맹장게장,E6o-GJehdT8rZ0k8DP9Qo8ew4hHDz0a2z6z6Pkd8zfCQ,4390617738,SILVER
태호성공하자,s--UzRE424q8RR4uhstwEUs2x0UYmFKhPThndLuscuwL,4528587966,SILVER
노른자의힘,ZfaNmliFdU9xpUIgthbb7MeWpvmuI6UHyepg80Jr8Oog,4543489610,SILVER
해적검사,7PAi3-AbpohvRjfXD0yixGvYRjkN9gN1Uqhc9JnfAWS4,4545155938,SILVER
메자이나미,ig1TqmFonmulXggLj_x513FjDrCcwU-ru0bEFHxjOId9,4498284409,SILVER
트림카카오,lj9_cHV5JON0tAq-5BznOsfuWLGqNqvMxv8Qmm4J0pfc,4490257277,SILVER
The Steal,WKy2fGkJs824OIuzkmBZbAQXKfYzCOU4JD-UzxAGUgOl,4549323311,SILVER
Durante,wgbOe84NFcO3ds1aeQAxCcOGcgTXkQVanFJk7M1qm98,4554563599,SILVER
01023849497,w3QOBSHVV-wpcZ7XkGaYd7aAt8Bgzy983XWmxOBRi5SM,4548969124,SILVER
대학 에미 친사람,l63x5SjlPxmmeCT3D6d-OmvX4gjr8QI57C3FzFH1lCeU,4200114605,SILVER
이기자 할수잇다,z6HBzsw-cBv9oToFMBF53jINzKFMeuI1Gd8_Ga3v_Qf0,4548238933,SILVER
나이재원,lzpRBwKrNb-KCoaUERSbT7cXG2UcUOXbc4r9vTbhNYMS,4495901011,SILVER
82키로 징크스,suOou2ed46dB8VhpqWnA1v77MLVyl_XsKsSdYgniGXb_,4554030014,SILVER
윤홍연,xg8gqvqSYRgpNTdyax5PAiwLHL7iW1PX1EENl18BMVvh,4485388798,SILVER
효준이 거시기,-HSiHdkroqa_50fwtP38BtOtEeRwg8I2r4S27F3eGKZp,4232085336,SILVER
강릉꽃사슴최승경,hXbTsZpEDFBnDpWboIuqcwIdK6xaayUhNIEi7icOuIxc,4553027776,SILVER
tioll,nOUWX4332TY6PmfXzm-RQ6wN78CdDgdp-6e1GTUv9om-,4488573213,SILVER
틀니딱딱봉라쿠,ozHUsPmGwIiGn9hA7kSD4lQJ4pAggYJdS3YbD5mJzxCs,4216033132,SILVER
말파의엉덩이사냥,qELujYgKEVkus8ZfVjtFwSHXw61NT2QSOtn1Ie5WSkzF,4513349891,SILVER
말걸면두번던짐,wEThYj4iCLmhtlCA-_Khc8UL7hP2mg0MRGUvnNB-7qs5,4530720224,SILVER
wjb830,R46CKv-wa4I_kLnhWCHWgbntBMvERBASPys5oMEC42-R,4536261029,SILVER
BJ화시 매니저,t5oXPzUnhLwHq1d-UDGpSkMV4gjg43xWg99aoJLoj8E7,4549308223,SILVER
핑크오뎅,JK5MlXCJNXD0X3qKyiAagY508K3f5I8z2j3iWEfdxk_v,4460420689,SILVER
꿈나그네,1CFXzyaL-IZzzg8aFK1z-7juvapO-k_G10AwxsgPXnI,4521902821,SILVER
정택슈,iNaDz0Pupi0W9D9iNBTHYJhLuXeSZzhcIe5wpbt-GiCK,4539028438,SILVER
The Ever,pM5tWUs8ffC7oX4iNpQrQaUMQgI8otDaUrc5TYu-AOYj,4551035800,SILVER
더티7,3-f6hHuZJ1W5bOLbX8ffzTK4hNKy2k3ECg7L-lI_Y-CO,4549093158,SILVER
Mins Touch,iWa5Zs7lcrbvXI-UgkE2EGaQ4rstHaTuSCu2Vyvmm9Un,4294298233,SILVER
주니쟈니,NC7dcWgSc9UBxN970qkmOXsMjrfjqMQFVW7YXrI8QXQ,4549332092,SILVER
블랙 Pink 로제,miT3K6Rmt-aY0AvCBM5mSn5u64ub0LyxihpxR4qTisfT,4498548393,SILVER
벼락망치,1_N0cdu9r80sjw_U4Y0ghg_1kTouP-AmRad5ZfvodMA-,4551456794,SILVER
LAFe,ZV74VefpT_6WEfw-eXgMvhpHCiGeJrMBLjHy5D7CACA,4461927371,SILVER
씨드러얼,DcxK0jzYHVjPnbXTagNvfKEn34sN749RjBzTNyYJGtph,4529954844,SILVER
방학동쫀쫀피씨방,p-Ho1xh_aoZ9VfoFFmt0MzAojMmEiHgUX6HhKRbrVzKK,4419063004,SILVER
난 태균쓰,zxL8HMCd9WWYSDCzAKOSy1d-kJyEmDa78cS5x1W6dJEm,4546168988,SILVER
Azubu MadIife,GQGo8I31s0py3MWu8MECJGYtw72yPjd8WgMCwUxQCc2o,4544705923,SILVER
wwdk12,knnykBRGL_x-hzZxwcrTv1T1PhZu_RwSgPSaICjp111o,4516612220,SILVER
궁디퐁퐁퐁퐁퐁,6ny-0B0-jAOGTGfhCZv0A29EFyKsSzj3RhbFwC0vTOrW,4546788390,SILVER
Summoner 달빛,er66PUhjp4k_i1eyyLjF3RobAGmLUIXkKM5K8GmSRVSi,4547677115,SILVER
소원권1매,QNt8QZVuo3bFUA9pofTGRlqVNEDY96xMIy4B6N7vS1lI,4524159089,SILVER
I서포트I,z9Z_kk3Iojq3A_o9xalOXv1C5dtWgx6CGzDnqWoRAZAx,4368020028,SILVER
우르곳티모짱짱맨,SNqKHeEby-Xpho1VrgFMoj92OIqjcPxXe0zL2ldtaXI,4533366980,SILVER
샤넬빽 사주세요,SzdALnWX6wQeAIHi7gzCyBr6OnBdEkfaAjf7g86Ny7Rd,4480460319,SILVER
DreamBoxer,bJI-IQxbRbzVs6Wy2u2tOIYfMTxpjOHm3ysoCHiLXXU,4369369700,SILVER
핫홋촛욧,5TVC7R6xq7dstaxF4jir0qKOTzOptr9Z7DAkVhnYFaNo,4516307726,SILVER
눈꽃쿠키,xfvFmcdtxV_j_m4raPy_tlLMjmUMOkSTTydYrMKuxfCj,4500664888,SILVER
천안 김명일,Vghs69kTxnXfeR-ceBPAUHnYq7UkIK8EyEFaErdGX2wA,4553448243,SILVER
융녕이,NiuK9Kiz6TucCaxn_aUEAmWyXIcHXReGdqNQLasBkC1w,4530167073,SILVER
귀신잡는준하,xnilVk_5__8kr4dfYl0H4pMHtTcrlzXYyDkHrsE1oJCk,4552216653,SILVER
하늘하늘거리노,hX7oy7tKwQJjnBmDZVOhoV8A7Okaw7Ig6-qyfQwXfSuM,4471348019,SILVER
Easywhy,DT1njDtymn9WBBJoTaXRSy6THioy1u6DJzOGGXQGVAJi,4445517049,SILVER
치치즈킹,w9R7ALF-79KiBUdd7LD2Vakax6cjQ_xdtuTAvTtMbjkG,4551697589,SILVER
나느 주찬이,8A65AFdRcfpZXZ_qaxwWkYiIwWh5oFTGcDKUZ2YhdZQ,4527179602,SILVER
ryong8,OXZ3Ci7EndfIsC_m9GduHO8kTdjCv-9meeCwH1CzkV63,4539125427,SILVER
학점 FLEX,db6G0eTqzmJBvPX1wQbAeAb1eja0_MQAbXJWcqDk_ue7,4157068792,SILVER
공차 건대점,ugQrN6emAOd9TpwwYPAzgP94CNYSPXmtl067724aIrU,4215693951,SILVER
비타50,9ZjN1QmZ7abVs3EGzfNSZVxwO0u_0Et7FN3uEsstaciE,4472878039,SILVER
하남밤까마귀,UTsHAucLIbEelWG4IIGjJhuMMFbd0Vc8HtT0em5Ba9P_,4536941766,SILVER
체코인의장난전화,LSd6y3LA_dGu3GTj6VJWlCt4_f43OJQVeKkyFmaSU8OH,4553981464,SILVER
병거니꾸,e6npgPX8SB8kkXKWIUPnYvHSW-og5lShWix9gAMtIchW,4504427368,SILVER
R0ulette,Ki6op-LYK82cp0DLq0ePU_gBAjCgCL0amLYG3SFSHQcM,4464503447,SILVER
팔팔몽,Fe5epdGfh_m-Sd3lLAqZssZrS27GHy47SRjsaBOKE64u,4537110166,SILVER
원딜의 칼,ix4pSr40rGhZxLpkaoYDLElhTnbx3af2aLm09H5NbkiB,4550781072,SILVER
늘푸르른솔아,z660pTR4G-ZU7cx-o6-A2aiz5VIxCLky5-O0iZAalSKo,4542292705,SILVER
빛 맥 스,zuci5d8CbJMJB3txV135L3skxdOuODwE4AzlseVt4tmn,4543185271,SILVER
그자리그놈,ttplEx0xpwHzR_MotyKEHBIj3qlH3jMzQxJVjLaX2sY,4550501560,SILVER
어리둥절껄껄,fALEXeLjZMXhK7shwMvBR2mtnZzMThJJrxKZjN6mOdM,4551328852,SILVER
아리랑아리랑춤을,5vzTYAD__7OmGoHLG54hYnBlE10fcugCEdSNePjh7ks,4553900091,SILVER
zoota,bgNGZsY9Mgnul-ZD70-tKID1IFpyrA6IRNLhUUZlyg4,4372900308,SILVER
블루와인,PzzSO9gE3KroQ4lEIGnye_A9n1DXlkirR31LlGFp6vI,4544911293,SILVER
동회동핵감자,N_v2lkQVPVSXP4D2CpMEQSbnu6Z_IuCvZ2KsNuFRzwz4,4507661363,SILVER
The Grizzly,9Nv4qGKCH_xwk4JBY3HebyuuNeZp-uI0y-DRkXCQadSU,4541237857,SILVER
에타에타,By57phX9wn8Jpk6ls1XmIyfje6qrs3m1c_vw2rbb8zM,4492553202,SILVER
헬스왕조팔탁,9MsXhUUSHPFvVasc_1pGCQLCQIPKR8m_b8fm8yh7XOoy,4534415280,SILVER
예래동 도구,7kIDhz3adzNgoRPzRI53bzzpG_ct2cxi0oggXh6Pa3NE,4525707310,SILVER
인공향,dS-2dDYfAG11jTMW2df0uS1dELNgbZkBOxph-9MUfUtB,4477850428,SILVER
앙 창 빈 띠 ,q4dC8HI78CQYO3AE7MFKMjH90zzVplGtXfSDYTPxJczb,4532918505,SILVER
긍정의힘,r0ZcqYIo0dLsA9dwqLspU2NGBznktYNQ9HT-AsAYQOo,4548880475,SILVER
강한친구 티모,ddyOlQjwO0fgMRqJu3GwNwObqA9vb9OnJDTkZqx1Zy05,4339724161,SILVER
gmlwhddl,2XVeEmhKhiNNksLtOw6WewH5a91WLBGJySWS-WhFSgYy,4141331940,SILVER
p빛의 요릭q,pAITpxdw1GVOV7JhDCv4d90Tig_rCp6GOqW5BzGp2ScK,4540134572,SILVER
일문검,7H8dOUdmuk-lrnNA_k8WtbxSBsbN8pKMT-TK1n9COlv5,4542123607,SILVER
stgoja,UzaN2Du87YbLv7kyYFHbUl-QQvFM8YkehGVPIAaKZSdh,4336209534,SILVER
다준이소환사,M_yh0yqUgtwPo4DcMulzxdLLvt0wGOOAB-ycGJqWO1Q,4532311309,SILVER
난 선찬,NXzeINz4cnlvMFbEQrNyNBoeGoC5jOFHgda0N7Sjaehs,4543362353,SILVER
R Santa Cruz ,LjIUDM_HXP7VbvDZ-vcHJCqFbj9q3talMuLHu3M5-2A,4552429087,SILVER
Evil Veigar,HJJ_K9tQClj0WjZdrN4qxu8z9z498uCOHNyzM4NDR59b,4552254103,SILVER
Cibal내미,7_F8zJ6HMO3_QEEApvPe1lfLnTuyRL4JXJqOCF_v8lID,4527600316,SILVER
kisz,Jkmd5oG4mfWLR5YWfmod4_XNgM8zy2RUNvjiBVdpkRak,4552106584,SILVER
T1 Comet Gleam,53LZrHgjtgs4FbhfflV8okHGrPHoRv-4qh9SgWK9BWNJ,4554726187,SILVER
삐아똥,xKyZ3THRZbkma2ZILvFK0GDX59FHgYLhiqrr04l7863f,4552457885,SILVER
하얼빈좡첸,daVMhWh-u6ox3fx1jjbUB-WM0qQfYWRF_g6GF48wMH4_,4449125059,SILVER
발산 간지태풍,biurTk2ZLWw-1ox91gIuOXxWSiZf1ThaGzhCtfPWgnv4,4541910255,SILVER
휘저어버리자,yManUJN0MxRyL_dvF0vuceGuOYvJqkcUmLsTdFlxmvRb,4553974935,SILVER
Q평E평아파트10평,pZpanzm7LdSMtqccaHF69v2yfE-O9C6g_A4J1GTc1ZHa,4544815173,SILVER
용인시후추아빠,Phc8lIY-ZIc5a6iMsK3YkL8-grcm8Pk_J890KNytDuU,4470967077,SILVER
Betelgeuser,zlSCf1sHjUoAkiYRScA3S0vMngnH2_jrNXWWgZIiTVU,4399299746,SILVER
마카오빅,ei9MhYAb2qE4oKJxXilx2RdjuJRn1mVIjgJTGjClbFlQ,4550897011,SILVER
늑대라구요,BGdIucrLg3ggOzX-9LNvIaZlFZIXnEWwnhrSRHjemHv-,4551284217,SILVER
말거는거아니다,XS17iun1ct9RfMUA7qT1YeKbB7Y-gbUdH3fHeCWaNINR,4257472068,SILVER
별몽o,XAcDjq_4ddmgNQlXW0zONauboPyReHUQvsHvhNID-uFd,4117564346,SILVER
숴폿 쓰레쉬,Qa0cqlXM-0g3ojDTZMIWc5jYcnlbPkvUS_GoMbBPTw2S,4547717176,SILVER
엉덩이에뽀드락지,o_nRbCVjOBIh1eGjpCJZSC52sXpQ1oHM7abEiY86jTkxT3YopWczVwt8,4553948631,BRONZE
사용금지이름,geIyo30BapadzmkjI9ZIxYSIYvxS0YkrkPtxx2hLgn7qyEd_g-u7Y5ME,4551102985,BRONZE
이동캅,ST1SppVes2nsN8Tavx51jdhHh95v50OvPLL056YONIo4FR8Ujn80TT8n,4553955944,BRONZE
율 오 나,eG6Uj1yyFl_VbW0fP1Wn-1vHRE3WClyDF3sqhq_AAAxTasaUEahXYOES,4552332706,BRONZE
아기하양직,MnJne9jB9IorM6AD3M4dAmtQPUJW1-a8F23dH6LO0ujG26VgzX6EnE2F,4539021979,BRONZE
다 내가 못한 탓,ZYo0gknTYKaDiCUeRnR81UPKV8ZCXUr5YsaZnA8Oa0podW6gZGGicfXl,4532623990,BRONZE
hahoon,R-nDMnE1RxLZUKQXAbq2Puea2lgT27AKoc6Y3pBVf5Nq5jgkwEtB3KME,4550718398,BRONZE
키씽키씽유,nc9erh9dRDdFKQFAfAvqfdQUOefnpxptgF8hyrxNwrDQ,4554643220,BRONZE
모 형,H_5l-wwJsTA5R1SJp2o23nBHnsQ3xY8ngjPjx9Jv9rd70rwNQdgB4rZS,4548987163,BRONZE
Iskt 1 IU,Ikz1DRw8lBkZHSPh7aUxEFD69dX0jDzaZht8xflgO3UY9eHnwJLS8PE8,4554640245,BRONZE
csmS2hgw0323,tR-UK1WUUWe-CTyk3SgHR_7kLfFq4T76QeyMMa57rgpZO8xfVjhQf_o_,4551992167,BRONZE
난 하늘을 본다,ixlYtz-Q6FREc7GYnnupDFB78xq7xodlZw6xVAGQPOGGI2KdWUBX4dl-,4550963243,BRONZE
부천 달팽이,3l1Gc0-p8x_3Oh-EAnXSB-_fSbY3uzWUDp1y3SleyW6D4ee2Kx2jTCwZ,4551758056,BRONZE
진짜화나려고하네,GsZtWaX5wECYL6GG3qPVWGGHxC2EjOtmEjckePOqbkALk-VUNNiQQqHe,4552897379,BRONZE
질주의돌덩이,vbll1RB7Cd5fxBqSjt-7wsEE0RLvIYYztRYtJ-YDtTtIEkIIbQ8ZhOZp,4554497795,BRONZE
토끼가토껴용,DwYDakOyHoPY_3syEs3NQD8UVBtFG749k-VEhEO1hd9w1UxMogKvXKEL,4551676792,BRONZE
TwoRiverMoutain,-kzvDbCUdnPt0oLFv7QTz-EW-VuEz3OFjFV6DqkPt0s6,4419283314,BRONZE
인생낭비말아요,y0dsectntLbOw-kK-VTolNaTAouaJ2Q5jNVtO_6Swn2mDTzDO999iUsy,4553955377,BRONZE
폭풍회전강강술래,56Qt1C_-P5u0b-JyCiN3Y_Zwo7mbWAMLWrzDCvYrlKkDrseEHUu0HOE8,4518537398,BRONZE
Rumble Coriander,qu5ptkY19JBd2CKTuNM3rzVSS477Wcse_FXM21W05BZZxsgPDrV7bxWm,4554379489,BRONZE
UDG어린이,G5EihovssNJybbVjceANYeSIX86R6NyHWqesxkAtPzyF,4203837872,BRONZE
만두피2,9tISGGbxbe2_tWTCzIWq-g_EO0SBBVnasbhJ9PEhQVuVGB8et6rwvdUl,4553897086,BRONZE
우석대,8mio9ikX-gnE2fK1QlolT6fDdjTm10xRyahEeAB6DH78dOTilnqzTz-O,4551821005,BRONZE
긍정적인말,lqc7sh2Ko7zVgA7QhOgEUuSNvCHZIj2IKaIsABCI517m,4362504262,BRONZE
아아앓,huurAQISJ-pfy3Z0Uw8RFZWqjLriaRZZWsd3kpqjGkfw,4520965430,BRONZE
곱등이는 곱등,sDaUlrWlEmv1wOCBaO66jJz6q-_YqDGpGelip2WDSVRqN3Vy2cZwZwOC,4538914100,BRONZE
물없는물병,8easkwjgX6KWvQAlN3fQ7eP_ysJoQLkQ9VLqTdKySNcgjfJmz4xJH2MU,4541207351,BRONZE
너가지어줘,XolnZGjt61hVVc87hOEkiMPt8K9nUzmQR-4Rz5Z-ro4LRiygfKPtSyjw,4547226473,BRONZE
야스호랑나비,NOZBxmKKRl_gZqyLl54zZnN9N5lKoJcJRq-wKwS_vDi4iq9JTg1fCD22,4554701432,BRONZE
무에타이 주짓수,p3RmWuv5bmd4nB3yN_dFRLeJnZDj5HUWy8SCtbkSJbaLkxaK29Zvgeao,4550612483,BRONZE
초보입니찐,l4Ad7oJf_jJoBO-2tBWOqudNzm-CJg3YFeGr6IpBDRGqaNoNcXqDgHq4,4547357115,BRONZE
limsterman,n_5N27UJ-DHpECL0x6YcMtLZ1MIgJ4J0eaLy23RH6mcqbH3Nnocd4Va7,4523412646,BRONZE
나이거부캐임깝노,zeVkUtHsia3y9ZO4ljRsph2vjFimiNWIJqWOH-IY_MDlYIVtmLp9a5BL,4540863899,BRONZE
집에가기싫다접어,0FkLLpyePYE2dYbwMfl2VM7rV2JxO_4wLL8AgJuhLUkDRRhPcEqTa39g,4551712101,BRONZE
골라프,zsQL7aqio-jqCKAp6Bg-Hz9nIYuFZzX-OdgArPjkKVMIR4LFBXzFqgtW,4553846947,BRONZE
ID sia,qvOr9ZJAJHEe8nBJ_LJ_YU7XuELNfcpDBAs3wgOMbB-vQ4-TIOhGoYqZ,4554030923,BRONZE
싹으스리,47mfPvw7OEYqnvtYgP24ZB1KSZ9DcJwdsdfk4pbvH1A2,4533493982,BRONZE
물이나떠와라,l8pWa8ucyAtRmRiQuc8rDsKirVnc6WMK1A37dLPl2rBS,4356851855,BRONZE
써드캣,JNR4Qwa2VbcqomwL68JjHPc2-KMgtUd0ZfTsnweEd8ZO,4528734270,BRONZE
방독면챙기십쑈,JmDRvBobeXJKDAGK0hzAmGX24R0-D2gHPXYetHcWQAib,4548847883,BRONZE
SUPERUNICOM,GamOnnLefe01UoObvZbrAgY5j_Aozpt4WDtKFDz8dEmZNmYbtYa3lxnI,4553904731,BRONZE
여푸 fan,JUTo886ZcVsh0F02_8TXzbRNcJtte8NRbJwmpC2WM9qKdnE2jQx-N3Gt,4537522720,BRONZE
휘뚱휘뚱,GpRzsg8sRc-zb9vfypIY1fwu0FTdvCZQux_4j90bFHZc,4240957510,BRONZE
침착한주펄맨,Mys4N0Ar5mOB3o0Y-PYSyJb-fSStk2kDqaOW_r7irqeSKDFa6ae1tmTU,4554696545,BRONZE
minda,rI45_l9TLuSk5nyhcH-i5z0jNqC39TifXu1_PyDEshjZkEvY3vITvCYZ,4554471476,BRONZE
Optex Care,LPUZ4jTWVFb1zN6S3Tf6m7thQ6pHsrEQYtg_4HZ_e5rD,4382347028,BRONZE
내친구안재범,UloXe3j4z1L5hRoxFLcPCnRTHsbN4mYe4eykVw-HlVsv,4228787315,BRONZE
일요일 야외에서,vpePq9CNnuyuJfHkKFkvuRpWEQG4PraN4simqnINDgex,4320137789,BRONZE
외국인입니타,dBniec6AmCT4uaCuIrteh7OWB8Om4i-cE2y5liwUphbK,4287520507,BRONZE
섹시 체리,QHgpjN1Fhk7uKecOkUF_PdNJk9FRRVQDR4gtGjoOI4sGA9IEGjsEGxtZ,4554243247,BRONZE
베이가픽하면던짐,kayO6N3d9qun4sDNve8hSbtwIAalZkbR8xO-3LeO2pDrWfizNNOgnRVM,4545952241,BRONZE
메르마르,WrzQcRbaHLjWc8gXCjKS1YMFBVjJSo8CWktEc2FTU_ez,4546901422,BRONZE
DRX CVG,gK6dKNNYYci-H4GGEF8N5g4CsQRzJmQ-VupDxS2VEDNdmF666I0Eyzme,4546264453,BRONZE
나스 기노,-sPCXl5gh3jFFMndbKLjfc_393V24Pnzx3YMCGju94-9,4330846498,BRONZE
맥 피,BFA988jQRqf2BoS__yCUskSClZDa0wSQtUPvSQ-sODaqXXeeZcNCLeRG,4550719066,BRONZE
Gluneko X,jFL30m2uvhCOrTUsJklxKyP7TPIAG8JAVXGctX0_IqSGGsvd1JSXK_HD,4553859584,BRONZE
Sound Concierge,7FuFLzxBYZ3sqlI9q971p-yd8kWGM9tfVKrv1Iec5WawF0cEFB1Zjmxl,4543247899,BRONZE
고동동쓰,wdel166sSeiRNjzW4xSajFEwxaTUgJ8atomI1zuCPWVK,4490560766,BRONZE
이병김민환,ViM6pd_seldHQbl-z3jPtfE9n1AZts_cNd3kRwdTNLk_,4196517141,BRONZE
진달래임니당,buapCJOM4CJGOxUpM5RSKk6imeB8bO6Z88E1ceEt128n,4554604436,BRONZE
이태원금빛섬광,GJm0ksW9xCnQoUlXLhVr1ghjjOGmeoRnhP9C9O9_DOQzJtwRfVH7-FkT,4552241573,BRONZE
사랑해미니언,OxNhf5IV0MV1hT4OpDNH6KuC6bl1uo11A2R3NDjxaP2w,4431473213,BRONZE
letunio,OdD6oJ5AOFsvXbky5KpbcScwJ7YVqQhZIWwmbcp616ys,4456464635,BRONZE
쭈꾸미가쭈꿈,cFsfE7ykTCh1FTpPjSUHBe9XhIwUooiQhYjSMDJKGFQH,4535410329,BRONZE
김옥띠라네,gf-5rzvUKbjuxkmpRRSQxgUEXVMwvGNAwZlmvZbN-Qpkwr0zAes--9Bo,4551465586,BRONZE
QWWWQ,WxqK4KlDTcwoVE32EV7AsKxRxkEiZjSia8ysjdQRdo2Uder8vLi8B6_V,4523903104,BRONZE
바텀만가는주니,G49NaZ93LmG2_SIomrtZ4SG6b2lLInd8u6vhv4Vn3YyvPaNOrr_386Hk,4554482595,BRONZE
prothics03,P_n3LD0e9hjrWovqkCdzZ7yys0VcSA0zmlzUGwWLWqEqqmsdiiuj7FaT,4548077747,BRONZE
빵상빵상요빵상,jYITN8bXe-xQudmrIcxrqsX9pwIzze8fpt0cRvpAhYC3,4397334064,BRONZE
날뛰는폭군,A7_GSCMAoSKoKfOFLYX6r0TSynTwsjN1jGvrF15mvjXe,4419594567,BRONZE
Dunquerque,nmJhemw3F9wF03AwNWoyaCHAWWzSHTHx9v1Z7jpNJTUOX4LR59CIKodR,4550663919,BRONZE
alskdjdhfzb,GQnzhju_dJ9918zLcu253mYt467h_9dU1YWtokm_iNHmcnftpVNZPy52,4550371384,BRONZE
바지입은 징징이,d5FMZJwxBLu4ulX5S07iyxJ8jU1zPUp5W-H06XYpsPUaWBuQ2yfI--1v,4554673990,BRONZE
쉼Choice,e8ItnZ-2dLirsI-bTlamqmVhNPWvChx-PVsrMiGJM0tp,4489676225,BRONZE
DRX Rhovy,ofYM18CY7zTWxMiRkRaDZy7QY4jvXNwy-EH1FHrPbqnq__Sw37L4fMcT,4550339121,BRONZE
AD원딜만함,m5fon5_lDU7VsSyPV664om_LSaedx9_pyIDUHu4jAzFwGxbqOAOZT90P,4551104688,BRONZE
Fizzica1 ,QJ-M-7BwJa5nvueZPq2ugBdQZ6QpoNaJK8AhqgF8n72JTBPjecO0mE1Z,4554705556,BRONZE
승금승금,a36njWmDk84oSBD87_YtzzsompdhyJfNaQy6yWllhElL,4388911969,BRONZE
정력왕헌민,vRzVuI352DQpk-nLY6pfD6v8XNpgRiw3b-tmfwJrYUwv,4506379099,BRONZE
nick0,kg0pF2aSmj6_PcXNoxmgw2CVgvl6c3Ps9OtXCDUPn-78,4548666080,BRONZE
두개골골절12,YtP4ObR7mY7pmWWx1VnwTdKUrdUXA4ngCaqG0HVl2PaX,4378633460,BRONZE
수현아1절만,0pXDp84heBHyeKWz7It8mXlzFnF88BnszFlLEQWKhIYM,4554573910,BRONZE
길 잃은 끼룩이,hZg44Vfic0BXprUIZJysms6KiLPKnyU4NeVdDGDRBLl13K_qv9DaNruV,4551942759,BRONZE
연감자,dyUtb3AyhXHRh-7EJTARA_L_sKR5TQVCdeEP8bO2DvUp,4205363601,BRONZE
상리대두,p-frIuknVl9TGbAEt_ZFcdI9JVgq6unlGJf4gScQrFfv,4309051305,BRONZE
한그릇은배달안되,lmt8yWNp4sdqBQ_cqphmzUTkrexL3NhGQilRKbzjPBTETDY0LF9epPEL,4548983413,BRONZE
정글일등,o5-00UUkPQqLTcGI-m0gPmdXYw1izEcYd9aEam9Ntf746W8SbSEgwJt1,4532751237,BRONZE
워나루,rREzbdsQfN1KBdpRvLZuMb2rNmgHswPxCvgXWs42V096,4435015290,BRONZE
Crush219,b0RBB-I9bREPEcob_Sr933xx0JP-N0vH2eUAyCFRtgmQ_ww4Cqjk3ib-,4551934304,BRONZE
소카레,nIwfkBOMseYXiu30lALbEslty10xDmdX89-ay65Ye0gsIWPlHcm8wsjB,4554677339,BRONZE
dfsfasdf,M8V6WGps7JRExW_ClvoTh-i89ZhtikJBIVVyeIyhKPcs0zh17IG3f8jU,4526169929,BRONZE
xiaoamixtiu,ETtMMz0jbDYK_Y4oZ5PxRRjMG22AUUCbfVaPk_Chl8Oe5mrtbuWCSEqa,4552321851,BRONZE
봄이M2,YhUB7AwY31H_oGGkfOj1blE08WYS19LuiHU45JKbyLrF,4372907948,BRONZE
골드부터가보자,aaR7bRy7jkLZzRf9aLiFRPOQ-sQqgGgjqn9BPlhP6wLV,4549155763,BRONZE
하나아름,C7G7_m_G62qrqPresCn5mJ90MTBPlAEXlrNi7Ri5oWeXSwn1VeWXlAFz,4541524502,BRONZE
차시아,Zz-OHzKO--LXmM_KkTDBD1QtEtwTCg6OPDBtMKCLkXei0jd3ZnfLgdDD,4535941494,BRONZE
롤은와드싸움,IsY9dnEd5sHpA2IufZni3SjXJepgt_dgQuNLJNFlgcuzc7N31F4nudeM,4523240294,BRONZE
목줄장수 삐대장,GL_ke1np6w7buIOSXbv_Bei9vRKpbuw0UNn7D4ykiV9QfCVEbsVPhMyX,4543385175,BRONZE
Hide on CR,W7ve9dd_WprXaAfpofEPZkybFVHtyWhUVa_QwWYkEimYGO8hENua34hI,4554563207,BRONZE
엄마뒤진개,otgARIdSe3VcRj83FmyV4ra4WOFHN81POLRv75Lh-zkyvqEnib4q8wCO,4554317067,BRONZE
4mfabluUgC,yZJpA0Jwo5Eer2dIqkBnuv6Ca_z4qfPfjNQRCk7jd3x_,4483961976,BRONZE
이신궁,wjg54eGM0EUTzaMMGWqBF8pbT_-MIDXzWGPLQE8tckGh0gSogr-GxWW2,4553938550,BRONZE
S2별무지개S2,4NzbcPs3ZP8qjvHNzcYtprAiahKvmrYwVIi2dbHLsAfG,4544727129,BRONZE
LXVD,9ODc_ClprN5__RSDuItSpe1gLwJntuvR6OlxWSUIJhMZbIIhKV_kSZJy,4551850438,BRONZE
적소환술해치웠나,3sgR8l4-TwLQ4-QDBtUIfjm4185nOGfNhxriEqa2_EaxmqSkN3pvq0Sa,4551676708,BRONZE
YDoctorY,BNJR23tc06EJ451GhngMRQrdtnYAjNM4_9pWV7mqdm9s,4455327426,BRONZE
jsuy,dePKBr-yI9L3XlhXjCpIwmno0rbmLauyH7791-C81A7i,4542196187,BRONZE
루시안 빡고수,F3cIKMtOwaAF5ahs5iLUC7TjN9O3CIXMntM-j12L7LGT,4552864511,BRONZE
망고뀨우,hYlGJfkhTyaKKrlsMp1se1N6WuTX2Gnzwb-PV-9Cbama,4279635454,BRONZE
초보자라서못해요,k1PZ70IRmPk9FYWBUX94EbX4QAhGkSkZQRyGFr2jD6oPtg1KA_Hm1LFA,4552491822,BRONZE
DIL도를 아십니까,rtmYCOObDzyuXnXeAgk2eRkZlS_KjsHqHIrio-RX8syr8l_86clQXvca,4540042817,BRONZE
WF T1 showmaker,9mK_dTXxK-EoHTGha3LcQGp49Z-bJUfe1pa1pXfBd4SVgcJHiVyhxesF,4550320249,BRONZE
승급전 강등 요정,mJlIYe8XMcNKxl2Uk2rRp9qxPxMdeKDDZHrDgQ-c55R8vCn9kKVJZktS,4554552753,BRONZE
그랩 정레쉬,l9T-PHFILXB2jYydEZMql_BsjdJqx-vxjLioemwEmYhz,4554549577,BRONZE
환상이래,CtltDmAZeIzZLzGsf40nRp1uryNqu_h1PfjdEKYXwr9Q,4548561686,BRONZE
호동호동,wTl8rzQflGE00jugkctU6jYGZdqA845Ggd-nAis3v8Oo,4544524667,BRONZE
탕수육대,C-9XRS0iZO0g5z7Lyp9mfHdyUGT7t46StjcnXeOr9Cd_,4402966547,BRONZE
기다료시바료마,XW1vO1hCOe5YxLpRZrQXupyOneIHhy-zlfsdzF0Xch84,4478174998,BRONZE
푸른별oi,T2Otc4wKD0dNDqIbIVd7Qdd0JQBpp5WYba7o8oyVHSHl,4467651261,BRONZE
어 내눈 어디갔어,1FOmgYEzvkR9Obj4ZMEogFlhtPeIqZJSomIMKKDhozWbuObX_xGmGv15,4545865871,BRONZE
미니언도포기안함,BGikxMi0EkW3lF6pq9pe5BwTU4h2PsLJvHries0bAexj7wLpl1lLchCG,4551851605,BRONZE
빡 곰 드,StLkJMsr4paBn0nk65LIpZb15djEzs5SPK7QJOvOGx_1UrsFwjvsMWQU,4554467460,BRONZE
제발 벌레들은 말 좀 걸지마라,ObPdTmohsdC9Jj-DSNYWzhFwaN2S2mZQ8NAvaVPYvNPJCkRbean5W3zJ,4554713820,BRONZE
슈하나,Eu-5WdsO-AL-m-jAEVA-Qrs3cupnUH4hxYxI9xt-K9OA,4446129799,BRONZE
J지똥D,8pzlDG0RZYrWuLp_AtuKoMIf6devXDmGBgzwPy_idL8W,4282963600,BRONZE
회사의노예,dIUyD0Tff0jcrLhjBJc1RIvevSblL0lBUxRpKLLlasTG,4532743788,BRONZE
일개미26호,u3rPO3EWwHIIo7A1JpjlaObnQqa6-vnukgM2Ozo_gmIZ,4550890568,BRONZE
l NewJjAo l,aIBxkyHJdwU5rljp386YmV6eFo7AJ809sF8nyTBxAwV7,4541502082,BRONZE
SG Nas is like,T-IJQoovf04TMSRY2q96ZSjPlCJuLrduEZ1ELM5RGKM7NwQKw-00glnL,4542235528,BRONZE
반역왕 이즈리얼,XJ1VMFZsf_-fUMsYzo_2d80dgb3OwUVTaouAHQXu57mjrJTnTVlUHA63,4546590542,BRONZE
jan hus,FqFUSGU9ej0mrs6TWI2B8TsHxWK_wZsVH2YyhnXIB4Due6qiB-hXWaP6,4551820713,BRONZE
beemerman,sIBDZfrhGQgDiTfQ--iQXx1UO8DyIvC-rZT3CwEhR6nPCJbW6jayUg8s,4554676367,BRONZE
용을쓰는판테온,bCmqX5shtbTAim_1HAqjPLLeMUxIy-lt5P3MHPdYpRRq,4550636872,BRONZE
티모면상에뚝배기,ho2I2NePN53SMCT3DPuz_KQHQN3fihygDExf0rE8bEcj,4488214303,BRONZE
I CAN BREATH,XGbXK0iLWeGqYg_L7s_80-DDLSxmJ70lY0x-YndTXTziHBiVRueusuqH,4549118671,BRONZE
새벽 기도 간 탑,z50bdx8G4ujNzQTYCDA1mnVZsyZtgvrzDRoIOk0LO1o9,4554748257,BRONZE
차크라의힘,AdUv1nh33eeKCviFz_wRVc3wHqXkV9qmeArJgmh140QM,4552619606,BRONZE
GR0OVE,EH4orYSWbEKevE1qgZXFwaugkkqzlLMA0ZWW49SatgEc,4462628679,BRONZE
Mcaid,p_siAh4FcjwGzSOm5o2K_tjb1Bus3fp4Rruf-ZJafxHP,4517776720,BRONZE
BSBSBS,eAQdr1IwbITuSi_lfhlcouCU9COBoyouWlbBY_JUTa8M,4340035332,BRONZE
기사폭행죄,2ilyxJJL-3PYK4mAJa7FaUchYy1TV7OoCU5C3eujr1rc3PWly2dcqc3z,4554507271,BRONZE
뭐라카노 마,-XHRSB4ohdtPsov2OCDKdOsoQRwaour4SaWxFmDBlddO,4483213240,BRONZE
AAbraham Lincoin,lTuAvN3L4D4VO7QkRh2aEzTn87VYhz64pqYSRqtd3LeQgvGOtZaOJcbs,4548508873,BRONZE
대한민군Y,_ORAxDBdz2TjKLF70VacrCQdDJygP-fM1zm2VOqDWcCb,4482308380,BRONZE
뭐어떻노,RjTXtPQDPQpdmVvC1RiVlvKwhHAK2bbyvUb3upyARd5E,4530563307,BRONZE
10베다,QkO8YkVUT2YbGFDypPboqhAIlu3tF3PwybaZXzJv__6f,4554003110,BRONZE
Cruel Pinocchio,Ulilv9Sk-ZhcsVboHJQ287tFaCVWtlpvoEPrsKXQjf98,4339721099,BRONZE
Paw Pad,oQTVyF0prWzNxkG8sIbV-jlAG4e8bvgoBWH8MngBbodhUrvVJsCwdF9Q,4552616284,BRONZE
잌후잌후잌후,eU7FWhTDGK2G3uI0NFnjP3ZSImcQ6EWrLwxuCKY5e50HN39oXcQcN-QG,4543220228,BRONZE
pushMidDiveJug,__5CRI-3drjXX8l40FILyLgUrAn0yb4p6Y0hVXpeiZJDm_dTtUPNudgR,4550280683,BRONZE
프로그월드,9blzijnV9zNyqtLYnKZSm4K8E5c9tfL1Vl5WbaCZegPw,4526321159,BRONZE
다니앨,EmnFRarPSOpZKMtNrkUL1fhUYY5LnC953xqgHe4ui0gO,4178205997,BRONZE
원딜하는 부엉이,IeXRvh5Zo7oouLUBUtp8uJBLCqgduLGLX28VPJLQQrK2,4167331308,BRONZE
곰팅히,7PfIWaCc_qAOUNkCatncmBW3Uu3KSN6KeJDnqpIQDfFf,4520827362,BRONZE
대전씽피시방,Hv-BBThTkppLnPT_iGDslB4C7epmTcuA-7si9wlkaWyM,4139823936,BRONZE
일류요리사,7ihZj7oQyAh0ht4UrO-ZHXkLQC9SwWab9Pagyf2Jk81I,4279178043,BRONZE
서폿밈,5ApkfXGFyP_-naK4hvhlBiJJqVDrFQ645liELhRMqitLfqPAMUBbNLap,4546568868,BRONZE
렝 뎬,wuT2dPDo1_RUf429kTpWiAQr75ao7eDCVRwL_4Y4czUKNTaAJ_Btc_oZ,4554724673,BRONZE
갱좀와라제발들아,zqWHu9jiTz9CzIvUiO5fg3vsuVcjXAcBHs7D9oFfskTHH_96jhAV2khe,4552135162,BRONZE
유빡구,tyLFm99m_cToZ8glkCQWce1qIZX8fdt1TnpwpeyWVjKP,4554041963,BRONZE
때려라갈매기,stC5utIBYqtUGKJNtwpybgN05odgmQQvsl6KMH6wcbXQ,4553782562,BRONZE
newbie에오,FvJbVJrTDjeAxt0aVtccThsJdd81tCnYVNoQ8P6X3EY3O7d5qvXdAFAZ,4552919641,BRONZE
귀여운유지니자나,Q2GoZLZ6s3lpwjWUhIsX5jVU8yM0JSNWu2e7aysmxykRElVaqxtBfJFj,4537755213,BRONZE
멍멍왈왈123,8c5BUxmp_vV-OUXO93AH0l0RCyp0HPHYjLy-zwlSkCJIMiFrqqdED_M2,4542331847,BRONZE
할거없다시바,4vXTQfhPaaVzUVxq3Qd_jM99vvip9Orku5TFVBnL_9cT8ngk6_SYeL_t,4545076173,BRONZE
십라인생,rB_4Ggd7cORrIkju0vpPOMIjk1cRvu99bP0pFrukY_Jb,4552493749,BRONZE
쏭주은,CQK34GdHzsD_ozdrI008pMtHwQaTOeh9HJn5nWOukNUY,4402762412,BRONZE
꼬로소꼬모,xChtVM7vHswTsncWTveBvKtQOwvQ11aA1h3MU3LVXANU,4532024495,BRONZE
명사수순돌,Du-BPHUGsqS2KcYfoX21jAQ4Dh-uF2bpirfLuiEleIkv,4463651718,BRONZE
뿌 삑,EBnMcUEtkySadLoagOYnq-kq529IBLNkPFmQ-OMqtjj0C5WIutPIHhdX,4524703932,BRONZE
힝속앗쥬,21LmbsMptfArEyWmA6SrAR_wo3S5oK_sQaoehNiLkQzGVKoxUslUxdwj,4554032637,BRONZE
게임일 뿐야,KvXXWdj1xDyYEHHYfke1RPqU1f_Vtspwn1hDTbmmxxE-C1jgoYMLorrP,4554656825,BRONZE
구글앳,ep1y11TM047YQQl0XqwwN12IRKzBDwCRtEJ_DRAlh9A4ibtXNKZtHtiy,4553984928,BRONZE
해표해표식용유,8xvUgtMzI1DPoeN5nhAptfDJDvR9jbyhIU893PmIpkJV,4410903187,BRONZE
논문작성의신,YkSzt69pZ4YWNQbhworrw_kjTH0lfkBNCEry2_AjEIFskP7yDis3Ubi9,4527392613,BRONZE
DIDAO,qYZrgrpRL673PF5HJuCaHiG7MKQesNzrPkztP2Vt99pMVUUwToW-1v4g,4526344954,BRONZE
OLD ColorWolf,kZbkZ0OpYZ5tfMo0W0r22DemIoE-M0gS4o5CZ-CagmFa3IACjvj7VmhZ,4536728367,BRONZE
Baam갱이,n6uGs6MEdkinSREovifOkKGBdNytynGC4fng6V4WQra304Qma2zwrbsb,4552866541,BRONZE
pasig,mH_yLoxa7Ix1wLgaGeeIGq0a5Xj8DDZYpaC04_Synda1PZeoRnb2EKLF,4536446827,BRONZE
oddjin,U-ruHPIUKatuzHFn5dXPvt945yOQDW4h2Tn1nH8KKZidmeITBadW0XoY,4554513697,BRONZE
조두순형님파이팅,hzUy6SmHD3EXM2mzytBbbWyS_buYiAHi2FYrT4UJfvH8G0Fy8gJRMNUy,4552672062,BRONZE
Legend Shardro,KfECnAOly5reFLp9Pq2Qfv7zdJHpdUJN5dxTBckuxX4aVj0aqxKApYMU,4550197720,BRONZE
Mccr2,8xUweeDYrw7nIv8b0TkeDH1j959pdWEa1WFNd3oUr2ITARQvqV-BDdC8,4554077473,BRONZE
쇼메잌허,18juhMRutjJjCCWGxwd35Z-JvbdQNfBC2KskRR3buaLIF04s78kD0fOb,4554743314,BRONZE
맞고울지마,Zhbw5_YAbNSNDgS__it8rjsSMa2AdlBjCSYQPu9qbF862rLpttXsB1qm,4554274844,BRONZE
G6G6G6G6G6G6G,U06F6pH6sEvgFbh5ntOWypo1gDhDAtUeAyYbs-P6QlDLwu8i5sP7jK4e,4550218341,BRONZE
승언2,cgZE9h3QO34a9ObfWKXY3Hfr5kTYZxWewGpkF00zquSLHonKV__meM1k,4529111328,BRONZE
다때려박아대혀니,qguNJKbF4dZvc62-63gUMoxxbCdYjfejFIIRCeu1KzK4OPT_On3SbH8D,4548538187,BRONZE
아기김읭딕,mPMf-bPyhYXhX-bPdB4jxH9xALIIuX5_2Km5aN3boDfdBkwmj1TYipYY,4553875655,BRONZE
xiao jeang dong,bLXKw4gsNVk6R0eER-cpxFkdLIvMbHvhT0kxmWHxevUwKsnBRA7WmEGK,4554535792,BRONZE
피칠갑의 사나2,kNcdoAQsWbIWTptsbn5cWEzH5_T8bLTAVvEbEcK2y0Ioj25qRUfeZ9z-,4554685953,BRONZE
Second east star,-eMwVtC6UvGZFj_X6k00evQM-FbpTC-O7YZ8Vbt_lKVFj-PpMAGB4dQy,4548951564,BRONZE
눈싸움대회1등,uHs5cL_bX6-0sWhHlLf7GiD1y9JY3mtv-0YrY7CFnoMlfYEjNNYuIOrg,4549237912,BRONZE
5cent,hvUq2jLWFhDVmBxPHlTt-Y9XfGTAxXnRFjeArDsZYKzXuY4,4399328629,IRON
나안안아낭,anYUmKEPh3L-H3jWL9oSh1B2phcpABv5QmAAJk23ie6t,4269785019,IRON
두배다,Y51JhBa_J803NjbD9cLq51PeVnBrxNNfeiYZKQ80nB6isn4,4180261162,IRON
김영안,pngQ4iSFv0Wmnv9a6VIMIg9BkVXWEvvOp2ddJ00PZQm-b_0,4217407831,IRON
육두오브레임,ZiK0sJiI2Fzmb3DtRwIX23RJ6so6eKCBNCuOSKth0tGr,4421745124,IRON
철구사생팬,lEUsuKXSOFwrEKblPFSxCZz7Ap5Ys84CrYlTEIagwv3knf8,4551820788,IRON
고니한마리,3OdGDlybvWwdyHFfauQypG0ak0ZLwTvOfdm5oVu53Bx6t1M,4433138327,IRON
꾸깃꾸깃해,91R-sfj8EW5ER26BUVMPGUSHatn4OgvHyvvKAYSbaI6x,4196937331,IRON
숙명당,SXSYrxPwn37RuhHFrhxPGP0kMnDEG555I7Gapkf0pkPd,4537427135,IRON
울팀코로나확진자,XBli9Wq84fgRpzXCs9_cpq-sxlkTIkNXbW5qOSWMf9i5T_k,4378125302,IRON
seockgung2,Ad7TMxCZygx8rJUblpzTXfdHnCLE60Gxhyp6uwV57M5a9gc,4145624438,IRON
테크노인생,N-ZzWNULtCYJhB9Vnem7IuPYJrJPdmvIAcsLWwy0reuCAsc,4551627252,IRON
아기현수,JeDBoGyY_yZ6Q5XXNpH3-zdkAQmsyQUpnsoRrIZEeSYF,4243698208,IRON
smwts7383,-2uHRYauKmwliugSZM0Nh9mD0d_bGhfiAsYQt-e5spCLPEc,4238482939,IRON
0pq0,o8_Fl64okisF9ALg17AltZYKNnw_4HqepUG54PQ-Afm7EC0,4489425647,IRON
혁강스,q5gJ7wY4suN2i8G4mH5PD5QzXN84OtPLFHabGabXdB6sOtU,4265741999,IRON
꼬카인밥도둑,QSYjlPtBJoIZHnIVeFic8iV3aPw1A4JfKZlWN_SNnJ3BYjc,4478379050,IRON
쥐환이랑유미랑,zPysnW8B_a95qfXs8r8BsiWhfgQmb41Br2MEx3PsZYbJF3A,4533640297,IRON
정별장,_ry53c6w25AcRCrc-zZwHo7TPiWgVI9nWQF027ziulvVosg,4540814029,IRON
금곡동수면제,N3K3nvINefElSgTREXBtD5kuWdpe521jLHtu41uDPr9qbuw,4304076064,IRON
포주우우우,LaUBQ9lD54Hy9lAVO9fbWL7xCTeB_JtcCxGR0WK32o1mkd0,4524321288,IRON
징환이,47TxzyCZ_MeF7sOQSN_ZvHVpk83ksUbOvnELiH2AFvMbC6c,4517775573,IRON
CiderZPlay,4xNX0j22sxUYQqaCwGNq0XXKBX9IPkq01Z5J2AecpfXLH4A,4135968624,IRON
민이정수기,nMVLViiqLO1gZuVWm8akWui6Rs8cOG8MPCaC9Ino1TRhe5g,4493893218,IRON
복현동간호사,qDLDUAIHwM_Pz1L8tyOjNN2FwEzxR3UsDo7JrjLiBN6ZX7Q,4502684786,IRON
짜파게띠요리사,DMoBv5PzqLfoQWKLPKFkYf-ppEXgARvWpcsnR4wCA0vWZME,4544413056,IRON
반지성주의,QCJeyO38UYM8Av6ickn10dDZaQZ7iXtXatNtLmtlrHoavz0,4533513993,IRON
울엄김,2XgM-jIBpTvgiWhFmBocMb2jV1tKVXer8rz1_2rjJDVMISM,4345330939,IRON
tjdrn,g3NwBXana2xrvRi9XiIb2GZdIwXWpU1z0z40Qf7z-AoGcJg,4164438016,IRON
yun546,yko-Conr7VoXCYbK6-stERk_qLFGSX-4CAzg5qe4Dqpy,4370761748,IRON
dmstlfWkd,0AXfeb6EJgVjIHeVCa2Vzcq-W29e_ROuFUhFDYXWzYJOn0g,4348500146,IRON
관 민 좌,Q_LbJhDmPBPyPQ10Efh5Z0_5Tx6yXXCrT73DtdHUsfzfOeA,4380161236,IRON
DB불고기버거,ahveHacK9zJL9-hEZKazGWptMAFyBPrtBCbowaf2va7VCjU,4473247564,IRON
바위게쌈패는편,BHoaakO2JNOM35ymxPZPjCbJmzi9jgzIf3ctSPU-zVovdGw,4488909306,IRON
베인티모야스오,rrFCA9HuiBu_S1s9jpr3BDwbdsdnkhtIxZWEoaTrGE0iLpo,4508713916,IRON
seamap,zfUxE_DKa8E-EFFOhyMviZtn6O4S7fZFrd_1bF2B7kAnd8c,4202918737,IRON
사랑하는jianjian,8BfYrufAu8Hi5oPyC266-NwnOhk4pbwMBoyfIiywo4HGWMI,4526503227,IRON
HIGH NINE,DT1Tzp9LuMEMGby7uyuN1i_a9wXBqPegYo30IBQYAOpFVTI,4099325936,IRON
차 상,72C8hAT40YPZoIgIzsTLKlT0mKN4lOjlRbYPBXQnG-PRlAs,4187573954,IRON
글러먹었군,wibby-YsXuq_GzJqM9feiA2j2-NRaXULpEuTzvSGUw7C2bQ,4378141903,IRON
Dieing,5ELT-fpFtI7PvXURp0YzRVdHhWE-9Gt0dXbPg91ceh9j_SI,4445168480,IRON
현22,8ETNsJpJJR-HhpNvJaL2msdro_w8_ToJ_nVMBkx13Qr_klc,4436873048,IRON
갔다올때매로나,tIwTzFUxrl-3WnOlyaFCxZXS18t3pMtn6txv8nnKUmxUDcE,4151109517,IRON
뀨 츄,ocarBP303i6JcrNyYHRS3nUOLZ5uoEOdKINi8oBgW0Zbbls,4533526969,IRON
jackkkiee,JuC7sFC36fRvjTMYWWwrSpRcRh5yfpS4epqJnjg_8RX5jdk,4230521433,IRON
유씅완,fiG0V3SLKEbUoHrAPI2gHMge5Y1dkgT5zrVNYfhRL4HQ,4211432297,IRON
깡촌대표,myW7pPUc4oZezCWGiqnZjf8stfrtmrHCb4354j7VScq8_MI,4347061313,IRON
마침내롤하는남자,Msm7tue26pFw8QOPHYIlYh3l-Kzo1RAjo-6c5E4J8ml-,4273883709,IRON
손금재,BQb38InBAHdyiiEHWH1HpFkQMJqCZYapquVZoj-VqbFAQ08,4529248962,IRON
살려주떼엽,XypzWyRoMmTYKRg9wFUmApolyR5PrWpTG8zeTBpWQOLN0Ug,4204358805,IRON
일본대제국반자이,e-8NFi1umC7Jw7dxCyV7bdPc4gI4Ut0GQFc0bRiRiE9xV60,4248720732,IRON
아리뤼시,bTrbafzn9vrCWh2X53wbg_B2AT1Pq2W3eA3RpKYII7jfsBA,4549285259,IRON
newsunup,4nxPkKmq39ZvxuRB4a_6ovHsTwQuqjblJOAohLipZA8hryI,4197743387,IRON
컴스터1,mLiZn1S-6WSmnUUOny0KNAwuMS2Vh5hxgX2_z6qKYqKH3Bk,4472985510,IRON
 스으으님,WbJPv4UtX4pIYbzfpSgrWttzcVUBbOufKsj5F-golhHiO-Q,4523948103,IRON
움직이기귀차나,UkJTDGJCUwfGjeOGUcnNhjplfzDMdromWDBjs2VtxbEKZgw,4186063036,IRON
귀여미밍밍,ufXNylbF5ZzZiU8OfN6LoQVUonxLQDiB_a2WQeHDyn_fWFI,4553961738,IRON
정할랭,lGNbWJSXqajW8TwPD92cJIsWwueCzeMQeU_V3trm1Odt1jk,4365610876,IRON
솥흥민,D8xWcvz2NTDbJfhecxnpPwjG-kHAYPSpjtqOjfT-BaB_7LTXoAawa3YR,4505335046,IRON
데마시아 꿍,C1NDsM21vJO0WKPakuQuefzTbFf4vhNJUTf1DzG46-3QmeI,4212872154,IRON
페즈뉴비,0j1P0CCYpLdAuWYMyOgqnFSJdyzmAFzN5qfKXhYGQGd1kI0,4442182882,IRON
빵테홍,oBSx5U0abMrEuNPLChYWdJieGKsHq-OFr26xe-ivwkzZPnk,4503218422,IRON
털우림,uVJHkytxThirVkDq8Qo5zxWA05e3RetjFYc8TICzBnsWGeY,4506018641,IRON
니자리를 찾아서,sHVdFJdinzL_tJ9TeNATH8U5GsH-4upnpukLt17EeDCwJw8,4550665893,IRON
ariswell,FwXuvEh5_ryRpIVzl6hEFq-b1EM4-PpXhKnLC5D9oiNS,4495978984,IRON
천국기사,AVawJy4PwxH5YAo2Tm8hfnGlVMWnwKwKu8r9VN8AECcTaPg,4548518411,IRON
햇님 oyeonseo170,xUQgJeR0ezoqKZJy9zMT08W94IY3bFKfdAd7PclIjBhJuOw,4373830123,IRON
이상요,IpAooo1myYEqn25bU9luZlMfLE79d-QkdQ9Lj7M2DC_OBM8,4384625440,IRON
jeong2002,fOXMWki2XkbpLD0wFcOv0FIF5LYz93ogk7Spg0JNj5Bebic,4490269200,IRON
극한나이트,p1nI8IdED5AyH5g9PJOI8UZqa3awUBP0ROvpiZgRr1v6rbY,4416763004,IRON
부산길라잡이,gNFivVMDYgitvm46r-1LEq1ajUL_oj1AS47guVyiylL4zKk,4469908948,IRON
개간지 짱짱,i0eeoTgTMqtBUoOjSFd900cX_FCOrwkkGiKdhaIYBrkxdlk,4368453147,IRON
Hel 파티,zX5QqpH4573qvMzQHpIiQdE1cdpR7VN45_rm3ITz6skPUZs,4549418855,IRON
와부고등학교,30HBzEV2AbE0grEaqrfoN18cg1rBtQyK4fn1YI2W7A2eAIc,4554633949,IRON
open입putcarry,rvILwJ3QbT9vhKc-D-QMo8y9XPT7Hx3nz7B_CAAjlP3sGVM,4513951941,IRON
뚜환이삐딜꼬햐,Io7vifH4viHLTaQMhtmkxNpxk12mnmaenlpRT0Im9EgmM0I,4257666759,IRON
사만디움,gRT6wiKGnc2OBEHUbnS8JabPmJiJ10cCNi1nAg_IRBSB_3o,4436316019,IRON
대표오징어,4Mp8aRyC4xtSacFbIVOgVFpExWmvEyAHsmU7QZltF21v_Sg,4550930059,IRON
이화여대 법학과,-ML_mXI5UzldHj4kYdluq4nf_oT7lh-_XxPrfqsG5-21re0,4504851566,IRON
qjrmsla321,7lNpajCzLLRIITuA7xLvIm_XISFKH2p7d-YBI4uLxEl_A8k,4428682907,IRON
뚜미칩,qWNaKhElgAannLVo_ec2zO8EWA0wE-mX4E-0akmw88edOWg,4471000082,IRON
왁혜지,ctqRyPPeGkDCWS132N_o2BibaG_Na2f1g5AX0WtdjA8BsY4,4298707667,IRON
형준일까요,0wjT8exTOcpudEC_3lpn-isT9ffTrFtg73E9AK8dG1k10ek,4286456023,IRON
대맹이부신다,lZJIo-8ZBj5X9B2VOQcHcRBDZz4FVl030dh9zRO51JQPKJQ,4522497431,IRON
뒤에오면나야,eQxzyRVdSqEOjGq81cpE7KaQJp6LK67lwPJw6yh50oCAo3I,4155975364,IRON
신림동토박이,ljVoEgs8VmaQ4o4O46lJdl5DvndD4fA1f0MnsgI2As5eQl0,4548579804,IRON
간zl닉네임,X2ijOn0woeHdG2dg4vO-dsC4yZWK33-vYXB97E_gEd2KbEI,4353357865,IRON
초댓세,mK6AVHTGQ5WVUx7ERw-GHl6YP6-C9hw68vkmg02kAvz61E8,4487886758,IRON
바나나우유한잔어,pzO862WUz47WsszEg7__ddof0Q5Xm_11DX6RxnXJv-F3Y7o,4544687638,IRON
asdfzxcv,h5xjNa7h1zOb7NU8Y4oXAkEONRKP-8s0qiMisV0IRoiYR-A,4540709489,IRON
추형준,e8RhdF5526wpFULMROqmUzDxGtbke-nAD_Zc18TVCYk11V8,4540102371,IRON
궁플나가신다,9AGYyWh8qgh1epuWNH-0shpNxYf5FcDvkXaXNpAz9YsHvTg,4246342497,IRON
blackeyez,Gut3I5QPMbpYS7e3i_LVjfH9xuusHdPyiPi9MpBK0SVM,4553879587,IRON
당근의형,JXVfsigkJkY-PPph0GaXgSqO16b6TX4DCGWjiEqi2t_QXmA,4392524158,IRON
페이커동생빼니꺼,n1xGk40roC7W-rNokm4R24rfxoTbkEAMYuBTc5mAuQBPikc,4201493200,IRON
아프카한남자,VHpnjtYKIywKTA65I-mv5hxfZhojYYnvTUAR1Ik8Ob7hz5I,4539270490,IRON
호르크,NxNn9l5Uwfm0p3xPd_Nz50sLVR3nW9bBXBVEiAL03zIU0og,4554550686,IRON
반안중,ZnYCH_PoNr5rEVg1IWsIssajHYZrvqLbHumR6N1523zvoxI,4367196995,IRON
롤장인되고픈아이,HiP-5f-BKjlvpe3nk0TkFvb5kE7NJENqdsEea0oBjgnygQw,4291240368,IRON
쟈크로스,pJZHZhl-u7cEN6qjo-GRF1CWYUIFzUj1XwtY2PaVq4Y_zuM,4204070709,IRON
RFDOOR,kRj68BHV-qUdoK1tKoLS9r-TpAQtY4hjp7lESYjFIp9f6IM,4466505354,IRON
Plantae,k8s0iGMv9c149xM8ujtL613KgQuE5yM9cH-g3d7aFoPThOk,4488067472,IRON
정신차려각빡한,gwM50WsuKsZsGtd4ibsF0LQDdj0HgLAXH_dUyoNxhklcShg,4500928266,IRON
고민채,NIIYPP8qHAvFg-IdKDfS5S66T2nMj6Av31F4XO_5CyChAgE,4540775531,IRON
C0ke,HyFBHT9WdUF50mFHGQXe8G0D16P1nISEpTbFvj81rk-mELI,4123818838,IRON
여름이 원딜보나,m5QDwggigSoRzOu6c4ZVvTPAO3gvCvbZM_pDx5Kw_Tfmaiw,4347217695,IRON
사랑해요롱커피,f6Rqnox1rUiJseCSK1kLXpgY-5BSY3ZXzxWnnJ1WAsip0Ao,4513682771,IRON
안몽TV,lXshVtlSPhU7O9BHqubkFncJl_3rC8-uZn5blJnBN4W-u10,4522199976,IRON
828299,ojWN2RgkwHYlXQQxmnw141TI51axY5PRpUEzDQ8QIcb4ZLY,4440559947,IRON
신입학생,5amLdAlcCqMeHNUmkE7QhRcyBjiq4NOzr68ItTl5g8T4Co4,4452301155,IRON
새내기 잘부탁한,e4GerxJN9DQg4jfjLq3TsMtHW2hApntUI1KTfYSSa5xU2U0,4098361565,IRON
최대마스터,kIqsq3AJkia-RNhTpUxXo9g4jElnwqVDYhYNJg-ktIWjl6E,4376090357,IRON
에코피아,oULxN0E8H3ivKNZfqqNxDZLgiAcAm6aOsrj67a_FXsk2tuM,4456738103,IRON
잉앙헬,2LUGsmCZUrKPDBCMZGGAFJAV7RRHvyNt86-fE3AwMpeOj-Q,4309090205,IRON
DandyMickey,Vf2M-uufqNzMSIJtzS_-dRh-ZYYN4zsGiWsp8t84jiVKgKs,4550439446,IRON
흡연구역6,UgP0kh5ILrkJSUluPmc15w2HIuCNd2ZSdV44HU0jdpSsfaY,4169250686,IRON
여신호떡,VnXSo7niI9lft5wwXNWGer48tT_zN8P2cBpXokb5M2ZvjZU,4505260725,IRON
널 향한 닻줄견인,jeUpdVrrnWfyVl147YGqn4pI3-A77XG92NLMTlZLFs2GTuc,4413267015,IRON
포트1221,MubR-k-AukAeyUpYNIjzv_sFzFdR8UDj4ZGR8vlNoK-RY8I,4286077934,IRON
탑정복자자크,uf8A7Jtw_iN3s7i0xyP3ej8vkt1jw94Q0zJyAf9pXdh_vds,4374859533,IRON
뉴라이젤,GXYQUaMq9hniCKTm4C6iuwQCBjhuvshXg_WDi3vBkWQviXM,4313344014,IRON
입에쌀게1,8XiYEAhXSrJLq7b4HJJP1vqCofAwy9DF9lMfeZld9O54cH8,4549262196,IRON
엘오엘문,Fe-sqC77qRHBqOmTA0VfdQm9Q6KVt5qAY31AwGDfApd2kdE,4554625574,IRON
생각따로몸따로,sSETBUmjjQw7Kl22atUrKEk4GWyUJmRb5KKstpeakHDIONE,4336225667,IRON
레전드963,TRopiCdZa3FkGk24DjX55ZTcnMQ0Wf0qt7EcmfuW8ONRncw,4117339360,IRON
그뇽아,89Dnpn1oAw7O9HUOLuYNGbm0ceUMjDqpXoHmqX7HqIfiiYE,4368084383,IRON
너트와볼트,OuURNsXY4QOEbr4Cpiv5HMjq_HpscnwZ0SSh3reSDb-t7F4,4201450601,IRON
고0784,LiVtpjB5tmZ9q-DS_owXWeD0hVVimcOBmSmMUIiln6B4frY,4499815876,IRON
나같은나,bf-FYdGnoNcFQsYJ8ve9e9zFD3rEKkNot8ISgOwyHqpjZZU,4218687612,IRON
인생낭비하지말자,qcXl8WMruLi7nDRmPraaTo1WvyiL8RvruKuYyauJRlCq53Q,4470996911,IRON
김지태부캐,DsYrZ5_VwhtuqaFXxX3652FIbGb7xX30waXhZ2XDCfV1WR4,4279501161,IRON
깊어짐,mGXxR7m3PTC0Z4Efk8iHcVGXGYM7ABUZL4c7dU-EjHiMVwo,4197484550,IRON
사랑으로던져요,6QN8lRSq5-pIjvlNu2GsdhlBR5eS6g9ePqz9u2iu5jiNf_8,4252157725,IRON
크로쿠타,gCzHSW4NbCNXWTcGRt_J5lhhuTHndzJHF9YniMc6kf6mDdc,4315885744,IRON
후달리냥엉,3u5Pwx-HQCijcN43aDFHCWWMLRLHqpQekLIYNFgJFQi31Xk,4438546866,IRON
만능일꾼,PsF4QaPYCdbp5nDD4qBqVGZu80uJryUt8V5hWOtZ38oKG2Y,4431025595,IRON
Legend롤s,d7M7l7hXmFgEvTwgHefIMb32aSs2WGewLZZMmad_lRAxb7A,4422689234,IRON
애니오덕,bFPtK-dSmv4d77gFqKeKhr_VilhY3mrk1ujroTG59J2bx7o,4466878731,IRON
뽀둥뽀시래기,VqGModEr0vclwe00mNO9_MtLWK3Bk_qIMPuEaIIs5zy50I4,4180878443,IRON
kaqs,h7vr6x1Zab5ckWATXWKPv9VbD_Gcs7xxkBH5mZ5u6OmA1OU,4554675334,IRON
식초맛오뎅국,FRoZn0p0npJ-j6Pb-rp19Atn6_UBddbjK0yc_NO-LKV6e8w,4481898368,IRON
보람상금조,Q8RK_TvlbLrZ404QjI7QGnB14F6PYrS7rXqhxXMANUt6eSI,4552086432,IRON
지존절대남자,mE-S43AkIwSmERN1mqpeUbSRaN7LLQjrJFtXbtTu-9gW7IQ,4510225137,IRON
손우혁,39iF8VoH_bNK3H0bwASd4n4P3ct9Wji95vpijXUoRwUaRjY,4516407448,IRON
콤미치와,iV7nkDhpl-_cy8fSuM4UL3hgKnsTsuswN4wfAi7GOHA3QaE,4394494490,IRON
poohmantou,sE3mGtNmFkH-sdVHurEboxOydAd7imuaqUqZ90bFUjcFThw,4419920460,IRON
OcOaaa,nBocfLAJFjVnrcWGPGYUu8hTuQGFVV8UDTpdkM52HhtO9vo,4309864288,IRON
가렌이 너 가렌,UspQg-II5kFoYH8IsL9LlY--Rt_B3mBJ7Hs8okIodTPa1cM,4544761190,IRON
zxcRate,7AhyhqDrJC1oo3SZUHZKzM2U9UCSdAWJF_qUbgZzQP7p8_0,4505172084,IRON
Fottuna 포르뚜나,mW27_5aRdyMX__5C4z-u_FWh_AQnm40XQNzDNSnLBpSA_VU,4486112138,IRON
lrken,adYOO3b4FV__EEY7qDxJSzgsA0WseSY9koYVJ6q7r30wG3c,4184821789,IRON
현 또,4h-iv2OqtMzELqjsPlEFX5CfAtMctCgt1LIBk_y8IHQIbi4,4426723105,IRON
노래바라기,ZAB5MxGnDOETfdOevMr-wIG1coLHhuB9GvDMBB6LRDvUBdA,4365151199,IRON
뉴매타갑니다,t0XW-G3emrz605q6XahW9ABb7q6Wy1p7gld8jjvW6jg-fdw,4515001288,IRON
바람의아들236,Q7pVuX2dI5uFRUhQ4Ugbsvjm8xOuOXLTLB53VBsNN8L85Jw,4526539427,IRON
s메시성제쪼쪼3,lpfzk5DgQQFKWH57a-t5mq0q-cHtGQKMMg6x7-Xc4keQ7wc,4539058969,IRON
준진왕자,EAKGLG3tANnLFmoNAq-raGKXPuhIbP401aCqS95fs8sgmXI,4209952125,IRON
천년나무기둥,BNnV-IyNUdn7bccBiAnLk9379GqL0konbPVKyO-f55x6eQQ,4204125713,IRON
밍남임,2IgF-x7rKhrfRJ7s-Q_lhYYR0GUwfPuevk9T9GNSAEHYkiQ,4508576975,IRON
하영강림,irGf-QWdGsHKym6QV29GPAUxJTHHLTyIVYD1pKvqd_iPZ5I,4277302237,IRON
하늘아그만자 ,t59SwV7UDUiQ3fLCab5mxGGmvOU_sAwEOOoTrUERnTAxBj0,4382205970,IRON
Sardonyxxx,ZU3kzaiBoGfyR3xlIBjdoplRwEycUhVdXrFTQ9CMBoekbmo,4103254174,IRON
잉어잉어잉어,MWvnd8FN6Fwj8C4rXA6a5Q-ZTfidJ5XoC_50TnIq8Ilklms,4235738322,IRON
사요나라4,uUgHZ7MGYxOpJAv5fv-K5Ys0PzEOhbq5Dv5ft1FFY6jyMX0,4518139619,IRON
LKS GIANT root,Ome8ndz6eNrLUzvtt_KOiWcAF_yhBaB6ZSOJgrV-U0KynDw,4459282913,IRON
설형수나대지말자,BMH5Z2Syq266UIdmd1BFD137Obs1YKQqvTlLJ-6Ep7tSiGM,4461335290,IRON
peliees,Ja3LeZtYgqekDPWTZQVSFtX5ZqK7ikIPxf4DW8zuTcORD2A,4436771584,IRON
쓰오의힘,3_cOzx9ublMoWMQb7gnGeTGZzUSYgsfz4lLiw-Dz16fWHQE,4133819369,IRON
과기대외대생,pcw8_3n_E1odLaTLIh-bwk8azsuNeFKf3Qwzo8cnBpCDeu4,4553951062,IRON
 맨바씨,UI9zfLjbw2HDOjrBQtvOiM4HYdMg4585K6BQQXr26Iv00N8,4275021247,IRON
룰루 찌앙맨,y23Owp1LXyBNcM2_ULm3WWpUpRP1p6VWDqVtM5MyG73hXt8,4513480926,IRON
더티마인드,kjmTbpfX3s0S29iCupG4gsQIflGU216IZV2AhKoQYag2Fag,4418940989,IRON
짱개김치,bz-YwLE2ulSLo80hJAR8LTpkP7Eq9NoJeay__VFJ8_l-ET4,4536252073,IRON
돌아온김참돌,hPiE8-bVE6bpMoG82VLQ2Z5vvgvZ7MENYdBbxKt-2VqUqxo,4429217669,IRON
gtw0324,M2mR5kOb8iODgvHmbf64xRoX33qxPh7KLHPaZRHcqU2Vnmg,4481780158,IRON
그린스타스,fpuZhkefTruMQi_Vl6pk2-qiJp4q3adB3wGT3b0HFF_mJ3A,4197718654,IRON
Tzu DaN,QI4EAzi1E5x1BkWn1tb6PX0UQI9eUOARWyHt_qoksFsUkPs,4470609049,IRON
동우고,7PMWUkNZPejtOMWzaaExnHnXvz9-JZQjpI8MfikpMXFj7V4,4469995173,IRON
패딩입은 야스오,gRTib2SnBkK1B6KIinm-m07VZg3WrIlBJDn9Ciy2TkrytTs,4515410404,IRON
걍이래나저래나,kdNxnFwl1G8NkRhzoVFEvbvxBtnvizvocUukSsBz4wE2,4533520627,IRON
경덕아,TiWnGIN5jC3UD5FpGFiJImWOFTXIDx1HmRIT_RhAKO49,4527685752,IRON
Ryong88,3pre8GOm2JgQq7hy0qpnYhW9E-pJkRTXKVqG0wZhswTS,4516114741,IRON
블러드삼흥,dHcgG4o2OggqUuVFZDkatXOO-nfEveqN-VMjfnK-RmSE,4552034316,IRON
서폿하는 치즈,7qn5Dqo3BCpFIO8pjCWbYSsar6iShks6oh3wnTiVrT1Uqeo,4467548694,IRON
나쵸쿤,s6XUlYQmlZ5uWkqOMP0qZ4g81TD7CiXbIhPGeF3Gm25nl_0,4554601959,IRON
파란새싹,CLusVuE69mdZOPcWZFUYtjcB76xbd-NnCCopGHakb2Fs,4327415388,IRON
챌린져갑시다,ZPkC6KOVMvgd8_XitNMPRwipaxeIsSJcROiHuVhHrWLokXc,4443465265,IRON
섭섭하2,bBEqv424w-x7jrth9bSSs4I06hDuTV8-xbN-3TRifbNPWwQ,4141025072,IRON
전문구경꾼,RSifmFySEn5N5HCuN1rvCxzTZWL4AbjzAj2qzqbDLvNc,4400458465,IRON
짱뚱이님,UvC4oD8JYV2TOJZLeTnfsHPBWp_9aVQWelNHZJAIpPZw,4416691409,IRON
꼬깔콜라,q7F8WH9QF0vYCIceesHZbGKKpzIDJzUkcIOOmTTfrHtGppE,4549096432,IRON
즐갓탄,VfYjxqZSMYM_diDzOHlGAtXMX_JeaGvibd_l1st6AeuIyxU,4545664133,IRON
아이번열매,sNG7Us1VV6eh-k6RbQfbQbTf_GsZM8O-4IzLfDoiY7_sfgg,4269172839,IRON
물량저그,Qo-dqCBAx0Ikk9_MTt0WJ8zd16_4tFpEgJAk6Gv0SN8lVJk,4438036060,IRON
jisdok1073,llNDnyQQfAoSGJI3F6DnZHpjxWvN0bvQJExCW2b5k_tm0oo,4474232212,IRON
나무나무12,bUR3H3X3oG0aQQ4xHaFy3EAh-XODecrFg4OT_Em7i--R,4337967668,IRON
MVP페인,nXyCQD3fssBIYvuQ4rbZ25UWp5CqjxOx_hqMfEsUm9UoBVs,4544109157,IRON
